,business_status,name,rating,types,user_ratings_total,geometry.location.lat,geometry.location.lng,type,coddistsec,subtypes
0,OPERATIONAL,IES Cid Campeador,4.2,"['secondary_school', 'school', 'point_of_interest', 'establishment']",25.0,39.4655803,-0.3995238,education,0725,secondary_school
1,OPERATIONAL,Centro Específico de Educación a Distancia de la Comunidad Valenciana - CEEDCV,3.8,"['secondary_school', 'school', 'point_of_interest', 'establishment']",65.0,39.464628999999995,-0.411091,education,0737,secondary_school
2,OPERATIONAL,MEDAC Valencia - Formación Profesional,4.1,"['university', 'point_of_interest', 'establishment']",26.0,39.4588059,-0.4053762,education,0824,university
3,OPERATIONAL,CEEDCV (Edificio Berenguer),3.3,"['school', 'point_of_interest', 'establishment']",4.0,39.4665214,-0.4088213,education,0738,school
4,OPERATIONAL,"CENTRO ALZIRA - VALENCIA ""FRANCISCO TOMÁS Y VALIENTE"" DE LA UNED",4.0,"['university', 'point_of_interest', 'establishment']",79.0,39.46462959999999,-0.4116374,education,0737,university
8,OPERATIONAL,Centro Integrado Público Formación Profesional en INFORMÁTICA Ausiàs March en Valencia,3.6,"['point_of_interest', 'establishment']",126.0,39.448037400000004,-0.3683367,education,1030,point_of_interest
12,OPERATIONAL,Institut Superior de Formació Professional Sanitària Claudi Galeno València,4.7,"['point_of_interest', 'establishment']",268.0,39.482336600000004,-0.38821659999999997,education,0401,point_of_interest
14,OPERATIONAL,IES Lluís Vives,4.4,"['secondary_school', 'school', 'point_of_interest', 'establishment']",48.0,39.4684333,-0.377866,education,0133,secondary_school
15,OPERATIONAL,Instituto INTER,4.2,"['point_of_interest', 'establishment']",51.0,39.461943,-0.3805922,education,0333,point_of_interest
16,OPERATIONAL,Barreira A+D - Centro Oficial de Estudios Superiores,3.5,"['point_of_interest', 'establishment']",75.0,39.475271,-0.3895732000000001,education,0321,point_of_interest
17,OPERATIONAL,Centre de Formació Professional Xabec,4.9,"['school', 'point_of_interest', 'establishment']",70.0,39.4951711,-0.3675473,education,1533,school
18,OPERATIONAL,"Escola Sant Josep, Jesuïtes",4.1,"['school', 'point_of_interest', 'establishment']",85.0,39.4862653,-0.39787100000000003,education,0418,school
20,OPERATIONAL,Instituto INTER,4.8,"['point_of_interest', 'establishment']",10.0,39.4612669,-0.38241379999999997,education,0333,point_of_interest
21,OPERATIONAL,Colegio Diocesano San Roque,4.3,"['secondary_school', 'school', 'point_of_interest', 'establishment']",22.0,39.4908615,-0.39052600000000004,education,1611,secondary_school
22,OPERATIONAL,Escuela Internacional de Protocolo de Valencia,5.0,"['university', 'point_of_interest', 'establishment']",7.0,39.461127600000005,-0.3879718,education,0807,university
23,OPERATIONAL,IES Sorolla,3.5,"['secondary_school', 'school', 'point_of_interest', 'establishment']",34.0,39.467336100000004,-0.33833409999999997,education,1301,secondary_school
24,OPERATIONAL,Instituto Técnico Profesional PAX,4.4,"['point_of_interest', 'establishment']",62.0,39.47208029999999,-0.38472280000000003,education,0302,point_of_interest
25,OPERATIONAL,Centro de Formación Profesional Rodrigo Giorgeta,4.9,"['point_of_interest', 'establishment']",73.0,39.460156700000006,-0.3874225,education,0903,point_of_interest
26,OPERATIONAL,Instituto INTER,3.7,"['point_of_interest', 'establishment']",42.0,39.4640032,-0.38435759999999997,education,0344,point_of_interest
27,OPERATIONAL,Colegio Santo Tomás De Villanueva - PP Agustinos,3.4,"['school', 'point_of_interest', 'establishment']",40.0,39.464977399999995,-0.3825884,education,0338,school
28,OPERATIONAL,CAPITOL - Centro de Formación Profesional,4.3,"['point_of_interest', 'establishment']",108.0,39.467698299999995,-0.3760056000000001,education,0132,point_of_interest
30,OPERATIONAL,ISEP Valencia,4.6,"['school', 'point_of_interest', 'establishment']",16.0,39.46446419999999,-0.3886862,education,0833,school
31,OPERATIONAL,EASD,3.6,"['school', 'point_of_interest', 'establishment']",73.0,39.474757000000004,-0.3826383,education,0119,school
32,OPERATIONAL,Col·legi Pïus XII,3.9,"['school', 'point_of_interest', 'establishment']",46.0,39.4806885,-0.3713884,education,0528,school
33,OPERATIONAL,Centro De Formación Altaviana,4.2,"['university', 'point_of_interest', 'establishment']",80.0,39.4776342,-0.3561607,education,0624,university
34,OPERATIONAL,CEF,4.1,"['university', 'point_of_interest', 'establishment']",42.0,39.482361700000006,-0.3705381,education,0527,university
35,OPERATIONAL,IES Serpis,3.2,"['secondary_school', 'school', 'point_of_interest', 'establishment']",58.0,39.473510600000004,-0.3382437,education,1325,secondary_school
36,OPERATIONAL,Centro Concertado de Enseñanza Escolapias Valencia,4.4,"['school', 'point_of_interest', 'establishment']",36.0,39.471010299999996,-0.3858455,education,0349,school
38,OPERATIONAL,Colegio Gran Asociación,3.9,"['school', 'point_of_interest', 'establishment']",24.0,39.4799698,-0.37786040000000004,education,0110,school
40,OPERATIONAL,Colegio Ruzafa,4.0,"['school', 'point_of_interest', 'establishment']",8.0,39.464238200000004,-0.37325240000000004,education,0214,school
42,CLOSED_TEMPORARILY,Instituto Inter,0.0,"['point_of_interest', 'establishment']",0.0,39.4717498,-0.3765094,education,0128,point_of_interest
43,OPERATIONAL,Instituto Inter,1.0,"['point_of_interest', 'establishment']",1.0,39.4600098,-0.37419070000000004,education,0224,point_of_interest
44,OPERATIONAL,EASD Vivers,4.5,"['point_of_interest', 'establishment']",13.0,39.4836432,-0.3684554,education,0526,point_of_interest
45,OPERATIONAL,Guadalaviar School,4.3,"['school', 'point_of_interest', 'establishment']",48.0,39.4755694,-0.3555113,education,0626,school
46,OPERATIONAL,CIPFP Vicente Blasco Ibáñez,4.0,"['point_of_interest', 'establishment']",112.0,39.4636345,-0.368298,education,0209,point_of_interest
48,OPERATIONAL,Colegio Nuestra Señora de Loreto - FESD,3.7,"['school', 'point_of_interest', 'establishment']",31.0,39.463660299999994,-0.3614757,education,0257,school
51,OPERATIONAL,EOI València-Saïdia,2.9,"['school', 'point_of_interest', 'establishment']",484.0,39.4827461,-0.3813968,education,0507,school
53,OPERATIONAL,Centro de formación Folgado S.L.U,4.6,"['point_of_interest', 'establishment']",74.0,39.44082,-0.40856,education,1912,point_of_interest
55,OPERATIONAL,Centro de Estudios Luis Vives,3.5,"['university', 'point_of_interest', 'establishment']",12.0,39.4767264,-0.3758176,education,0102,university
56,OPERATIONAL,Colegio Sagrada Familia PJO,4.1,"['school', 'point_of_interest', 'establishment']",201.0,39.49015989999999,-0.357379,education,1419,school
58,OPERATIONAL,Escola Major Ausiàs March,4.0,"['university', 'point_of_interest', 'establishment']",93.0,39.479844299999996,-0.3523203,education,1328,university
59,CLOSED_TEMPORARILY,Centre De Desenvolupament Empresarial,0.0,"['university', 'point_of_interest', 'establishment']",0.0,39.4792625,-0.33459720000000004,education,1325,university
60,OPERATIONAL,Escola d'Art i Superior de Disseny,3.0,"['school', 'point_of_interest', 'establishment']",1.0,39.4748175,-0.3826442,education,0119,school
69,OPERATIONAL,IES Jordi de Sant Jordi,4.1,"['secondary_school', 'school', 'point_of_interest', 'establishment']",39.0,39.4528138,-0.3636092,education,1034,secondary_school
70,OPERATIONAL,Colegio San José de Calasanz,4.4,"['school', 'point_of_interest', 'establishment']",63.0,39.4760101,-0.3638117,education,0602,school
71,OPERATIONAL,Escuela de Hosteleria y Turismo,4.0,"['university', 'school', 'point_of_interest', 'establishment']",3.0,39.4777251,-0.35659070000000004,education,0624,university
72,OPERATIONAL,Ies Altaviana,0.0,"['school', 'point_of_interest', 'establishment']",0.0,39.4779914,-0.3559845,education,0624,school
73,OPERATIONAL,Colegio Diocesano San Juan Bosco,4.4,"['school', 'point_of_interest', 'establishment']",9.0,39.482844,-0.3845171,education,0407,school
74,OPERATIONAL,Col•legi Claret València Benimaclet,4.1,"['school', 'point_of_interest', 'establishment']",20.0,39.484025200000005,-0.3617698,education,1402,school
75,OPERATIONAL,Facultat d'Economia - UV,3.9,"['university', 'point_of_interest', 'establishment']",53.0,39.478236200000005,-0.3414693,education,1325,university
77,OPERATIONAL,CEIP Ausiàs March,5.0,"['school', 'point_of_interest', 'establishment']",3.0,39.450052,-0.3324293,education,1145,school
78,OPERATIONAL,"Club de Arte y estudios creativos, Barreira",3.7,"['point_of_interest', 'establishment']",7.0,39.46814699999999,-0.36676859999999994,education,0238,point_of_interest
84,OPERATIONAL,EF cursos de inglés en el extranjero,4.3,"['point_of_interest', 'establishment']",135.0,39.4739759,-0.3739849,education,0105,point_of_interest
88,OPERATIONAL,Grupo Studio Formación,4.0,"['school', 'point_of_interest', 'establishment']",45.0,39.478155,-0.34712600000000005,education,1325,school
89,OPERATIONAL,Universitat Politècnica de València: ETSIT Telecomunicació,4.3,"['university', 'point_of_interest', 'establishment']",46.0,39.47945050000001,-0.34255599999999997,education,1325,university
90,OPERATIONAL,"UPV - Escuela Técnica Superior de Ingeniería Geodésica, Cartográfica y Topográfica ETSIGCT",4.6,"['university', 'point_of_interest', 'establishment']",16.0,39.4811525,-0.3370268,education,1325,university
91,OPERATIONAL,Servei de Llengües i Política Lingüística de la Universitat de València,4.1,"['university', 'point_of_interest', 'establishment']",27.0,39.474851,-0.342881,education,1325,university
92,OPERATIONAL,University of Valencia,3.9,"['university', 'point_of_interest', 'establishment']",455.0,39.4790511,-0.3590873,education,0624,university
93,OPERATIONAL,Colegio Trafalgar,4.0,"['school', 'point_of_interest', 'establishment']",18.0,39.4614349,-0.3428071,education,1231,school
94,OPERATIONAL,Generalitat Valenciana,1.0,"['point_of_interest', 'establishment']",1.0,39.496788200000005,-0.3642968,education,1533,point_of_interest
96,OPERATIONAL,IES Francesc Ferrer i Guàrdia,4.5,"['secondary_school', 'school', 'point_of_interest', 'establishment']",17.0,39.4819796,-0.355015,education,1401,secondary_school
97,OPERATIONAL,Institut d'Educació Secundària Ramón Llull,3.9,"['secondary_school', 'school', 'point_of_interest', 'establishment']",21.0,39.4759614,-0.3462188,education,1325,secondary_school
98,OPERATIONAL,Valencia Polytechnic University,4.5,"['university', 'point_of_interest', 'establishment']",881.0,39.4807985,-0.34062990000000004,education,1325,university
99,OPERATIONAL,Centre d'Idiomes de la Universitat de València,3.9,"['point_of_interest', 'establishment']",66.0,39.4752835,-0.3452635,education,1325,point_of_interest
100,OPERATIONAL,Institut d'Educació Secundària Ies Font de Sant Lluís,2.6,"['secondary_school', 'school', 'point_of_interest', 'establishment']",61.0,39.4543488,-0.36410040000000005,education,1036,secondary_school
103,OPERATIONAL,IES Orriols,4.2,"['secondary_school', 'school', 'point_of_interest', 'establishment']",29.0,39.4961636,-0.36685100000000004,education,1533,secondary_school
109,OPERATIONAL,FP Valencia - Formación Profesional,4.5,"['point_of_interest', 'establishment']",2.0,39.4656027,-0.3739828,education,0233,point_of_interest
110,OPERATIONAL,Colegio Jesús Maria,3.6,"['school', 'point_of_interest', 'establishment']",47.0,39.4730611,-0.38767440000000003,education,0318,school
111,OPERATIONAL,IES Balears,3.7,"['secondary_school', 'school', 'point_of_interest', 'establishment']",18.0,39.4588061,-0.3411885000000001,education,1232,secondary_school
112,CLOSED_TEMPORARILY,ISED,0.0,"['university', 'school', 'point_of_interest', 'establishment']",0.0,39.4644365,-0.3886312,education,0833,university
113,OPERATIONAL,Grupo Studio Formación,5.0,"['point_of_interest', 'establishment']",1.0,39.47702,-0.3479,education,1324,point_of_interest
129,OPERATIONAL,CFFOLGADO PORT,0.0,"['point_of_interest', 'establishment']",0.0,39.4271732,-0.333818,education,1106,point_of_interest
137,OPERATIONAL,Carmen Laundry Quart,4.4,"['laundry', 'point_of_interest', 'establishment']",26.0,39.477416399999996,-0.3828649,lavanderias,0117,laundry
138,OPERATIONAL,Bugadry • Valencia,4.5,"['laundry', 'point_of_interest', 'establishment']",33.0,39.462688799999995,-0.389336,lavanderias,0840,laundry
139,OPERATIONAL,Ruzafa Laundry,4.7,"['laundry', 'point_of_interest', 'establishment']",11.0,39.461641,-0.37178130000000004,lavanderias,0226,laundry
140,OPERATIONAL,Colada 30,3.9,"['laundry', 'point_of_interest', 'establishment']",20.0,39.4637344,-0.39825370000000004,lavanderias,0822,laundry
141,OPERATIONAL,The Laundry Room Lavanderías Autoservicio,4.8,"['laundry', 'point_of_interest', 'establishment']",48.0,39.494691700000004,-0.3785937,lavanderias,1521,laundry
142,OPERATIONAL,Lavanderia Autoservicio,4.3,"['laundry', 'point_of_interest', 'establishment']",50.0,39.46065,-0.39039959999999996,lavanderias,0814,laundry
143,OPERATIONAL,Lavandería Autoservicio Lavanda Laundry Justo y Pastor,4.4,"['laundry', 'point_of_interest', 'establishment']",47.0,39.46946500000001,-0.347995,lavanderias,1205,laundry
144,OPERATIONAL,LAVANDERÍA ECOLAUNDRY,4.6,"['laundry', 'point_of_interest', 'establishment']",23.0,39.479425899999995,-0.3978793,lavanderias,0406,laundry
146,OPERATIONAL,California Laundry,5.0,"['laundry', 'point_of_interest', 'establishment']",8.0,39.461004100000004,-0.37137509999999996,lavanderias,0226,laundry
147,OPERATIONAL,pilar lavanderia,4.4,"['laundry', 'point_of_interest', 'establishment']",12.0,39.4570817,-0.36668670000000003,lavanderias,1004,laundry
148,OPERATIONAL,la lavandería blue-wash line,3.7,"['laundry', 'point_of_interest', 'establishment']",53.0,39.472652200000006,-0.38108759999999997,lavanderias,0123,laundry
149,OPERATIONAL,Lacolada Clean & Dry,4.5,"['laundry', 'point_of_interest', 'establishment']",12.0,39.466988,-0.4142605,lavanderias,0739,laundry
151,OPERATIONAL,LAVANDERÍA AUTO SERVICIO KWL CALIXTO,4.3,"['laundry', 'point_of_interest', 'establishment']",24.0,39.4700188,-0.3903495,lavanderias,0317,laundry
152,OPERATIONAL,Laundromat CE Colada Expres,4.7,"['laundry', 'point_of_interest', 'establishment']",46.0,39.4604514,-0.36562490000000003,lavanderias,1012,laundry
154,OPERATIONAL,CE Colada Expres Lavaderias Autoservicio,3.8,"['laundry', 'point_of_interest', 'establishment']",37.0,39.4623673,-0.3709705,lavanderias,0213,laundry
155,OPERATIONAL,Ce Colada Expres Lavanderias Autoservicio,4.6,"['laundry', 'point_of_interest', 'establishment']",18.0,39.470402,-0.3949347,lavanderias,0718,laundry
156,OPERATIONAL,Lavandería de Autoservicio,4.7,"['laundry', 'point_of_interest', 'establishment']",6.0,39.4712811,-0.397032,lavanderias,0718,laundry
159,OPERATIONAL,Carmen Laundry Serranos,5.0,"['laundry', 'point_of_interest', 'establishment']",1.0,39.479868599999996,-0.3772439,lavanderias,0111,laundry
160,OPERATIONAL,Autolavado,0.0,"['laundry', 'point_of_interest', 'establishment']",0.0,39.462767799999995,-0.40338579999999996,lavanderias,0837,laundry
161,OPERATIONAL,CE Colada Express,5.0,"['laundry', 'point_of_interest', 'establishment']",3.0,39.4495297,-0.3894588,lavanderias,0921,laundry
162,OPERATIONAL,Ecolada Plus,0.0,"['laundry', 'point_of_interest', 'establishment']",0.0,39.4696326,-0.37947420000000004,lavanderias,0134,laundry
163,OPERATIONAL,Lavadería autoservicio Lavanda Laundry Primado Reig,3.2,"['laundry', 'point_of_interest', 'establishment']",18.0,39.48242020000001,-0.36067140000000003,lavanderias,1415,laundry
164,OPERATIONAL,Lavandería Autoservicio Laudry,0.0,"['laundry', 'point_of_interest', 'establishment']",0.0,39.46957090000001,-0.3539275,lavanderias,1220,laundry
165,OPERATIONAL,La Wash,0.0,"['laundry', 'point_of_interest', 'establishment']",0.0,39.4821712,-0.38807559999999997,lavanderias,0401,laundry
166,OPERATIONAL,Punto La Gobernanta · La botiga de les compostures,0.0,"['laundry', 'point_of_interest', 'establishment']",0.0,39.449827500000005,-0.3896493,lavanderias,0921,laundry
168,OPERATIONAL,Lacolada,0.0,"['laundry', 'point_of_interest', 'establishment']",0.0,39.46834129999999,-0.3600917,lavanderias,0614,laundry
169,OPERATIONAL,Limpieza De Tapicerias,0.0,"['laundry', 'point_of_interest', 'establishment']",0.0,39.4547798,-0.4058364,lavanderias,0821,laundry
170,OPERATIONAL,Punto La Gobernanta · Fils i tisores,4.0,"['laundry', 'point_of_interest', 'establishment']",1.0,39.4839219,-0.3783302,lavanderias,0513,laundry
171,OPERATIONAL,AGUACERO LAVANDERíA,4.6,"['laundry', 'point_of_interest', 'establishment']",9.0,39.4782265,-0.3523135,lavanderias,1328,laundry
174,OPERATIONAL,Ce Colada Expres Lavanderias Autoservicio,4.7,"['laundry', 'point_of_interest', 'establishment']",9.0,39.4662342,-0.3919384,lavanderias,0802,laundry
176,OPERATIONAL,Open Clean,3.8,"['laundry', 'point_of_interest', 'establishment']",15.0,39.469592999999996,-0.34733,lavanderias,1307,laundry
177,OPERATIONAL,LAVANDERÍA WASHING HOUSE,4.6,"['laundry', 'point_of_interest', 'establishment']",27.0,39.4760616,-0.3851725,lavanderias,0308,laundry
178,OPERATIONAL,Lacolada | Patraix - Lavanderías Auto-Servicio,4.1,"['laundry', 'point_of_interest', 'establishment']",17.0,39.4611437,-0.39328609999999997,lavanderias,0812,laundry
179,OPERATIONAL,Lacolada,3.9,"['laundry', 'point_of_interest', 'establishment']",11.0,39.45227,-0.39123379999999996,lavanderias,0919,laundry
180,OPERATIONAL,Lavanderia Autoservicio KWL-AQUA,3.9,"['laundry', 'point_of_interest', 'establishment']",21.0,39.4672316,-0.32876170000000005,lavanderias,1115,laundry
181,OPERATIONAL,Lavandería Autoservicio Clean Blue,4.8,"['laundry', 'point_of_interest', 'establishment']",5.0,39.4542749,-0.3786415,lavanderias,1024,laundry
183,OPERATIONAL,CE Colada Express,3.9,"['laundry', 'point_of_interest', 'establishment']",15.0,39.4663323,-0.35353959999999995,lavanderias,1222,laundry
184,OPERATIONAL,Lavandería Speed Queen,3.9,"['laundry', 'point_of_interest', 'establishment']",15.0,39.461778499999994,-0.3991187,lavanderias,0823,laundry
185,OPERATIONAL,WASHLAB - Lavanderia Express,5.0,"['laundry', 'point_of_interest', 'establishment']",24.0,39.4628338,-0.4034454,lavanderias,0826,laundry
186,OPERATIONAL,La Colada Lavanderia Autoservicio / Avenida Burjasot Valencia,4.5,"['laundry', 'point_of_interest', 'establishment']",16.0,39.4843542,-0.3843829,lavanderias,0410,laundry
187,OPERATIONAL,Lavandería Autoservicio Speed Queen,4.5,"['laundry', 'point_of_interest', 'establishment']",13.0,39.4695802,-0.35399990000000003,lavanderias,1220,laundry
188,OPERATIONAL,La Colada,4.6,"['laundry', 'point_of_interest', 'establishment']",32.0,39.462869700000006,-0.4003899,lavanderias,0836,laundry
190,OPERATIONAL,Lavanda Mestalla Lavandería Autoservicio,4.0,"['laundry', 'point_of_interest', 'establishment']",7.0,39.4736077,-0.3599104,lavanderias,0608,laundry
191,OPERATIONAL,Lacolada,3.3,"['laundry', 'point_of_interest', 'establishment']",4.0,39.4798856,-0.37718820000000003,lavanderias,0111,laundry
194,OPERATIONAL,Lavandería Autoservicio Open wash Valencia Jesús,4.4,"['laundry', 'point_of_interest', 'establishment']",29.0,39.462551700000006,-0.38612909999999995,lavanderias,0335,laundry
195,OPERATIONAL,Tintoreria UrbanClean Ruzafa,4.7,"['laundry', 'point_of_interest', 'establishment']",15.0,39.461184100000004,-0.36492399999999997,lavanderias,1012,laundry
196,OPERATIONAL,C/rincón de Ademuz de valencia,0.0,"['laundry', 'point_of_interest', 'establishment']",0.0,39.470051899999994,-0.40254809999999996,lavanderias,0710,laundry
200,OPERATIONAL,Lavo.yo! Lavandería Autoservicio,3.8,"['laundry', 'point_of_interest', 'establishment']",11.0,39.457510799999994,-0.3871613,lavanderias,0905,laundry
201,OPERATIONAL,Lavanderia Autoservicio Premium LavaArnos,5.0,"['laundry', 'home_goods_store', 'point_of_interest', 'store', 'establishment']",24.0,39.4568881,-0.3718393,lavanderias,1015,laundry
202,OPERATIONAL,Lava Exprés,3.8,"['laundry', 'point_of_interest', 'establishment']",5.0,39.4508727,-0.3897717,lavanderias,0921,laundry
203,OPERATIONAL,neutro lavanderias,4.8,"['laundry', 'point_of_interest', 'establishment']",5.0,39.4642136,-0.3717935,lavanderias,0208,laundry
206,OPERATIONAL,Lacolada,3.8,"['laundry', 'point_of_interest', 'establishment']",19.0,39.46604620000001,-0.3571973,lavanderias,0612,laundry
207,OPERATIONAL,Lavar y Planchar,4.0,"['laundry', 'point_of_interest', 'establishment']",1.0,39.447276,-0.371158,lavanderias,1039,laundry
208,OPERATIONAL,Ecowash,0.0,"['laundry', 'point_of_interest', 'establishment']",0.0,39.4489273,-0.379334,lavanderias,1048,laundry
209,OPERATIONAL,Lavandería Autoservicio Open Wash Valencia Waksman,4.4,"['laundry', 'point_of_interest', 'establishment']",23.0,39.4568266,-0.3743761,lavanderias,1046,laundry
210,OPERATIONAL,Clean Blue,4.0,"['laundry', 'point_of_interest', 'establishment']",5.0,39.4542564,-0.37853309999999996,lavanderias,1024,laundry
211,OPERATIONAL,La Colada de Inma,3.0,"['laundry', 'point_of_interest', 'establishment']",2.0,39.4490558,-0.3799578,lavanderias,1029,laundry
212,OPERATIONAL,Lavandería,0.0,"['laundry', 'point_of_interest', 'establishment']",0.0,39.447290100000004,-0.3711797000000001,lavanderias,1039,laundry
213,OPERATIONAL,Interblanca,0.0,"['laundry', 'point_of_interest', 'establishment']",0.0,39.454806299999994,-0.3799484,lavanderias,1024,laundry
214,OPERATIONAL,Lacolada,2.0,"['laundry', 'point_of_interest', 'establishment']",1.0,39.4554494,-0.3716565,lavanderias,1021,laundry
215,OPERATIONAL,Llavanet,4.2,"['laundry', 'point_of_interest', 'establishment']",22.0,39.4528513,-0.3774195,lavanderias,1023,laundry
216,OPERATIONAL,Lavanderia LaColada San Vicente 244,4.9,"['laundry', 'home_goods_store', 'point_of_interest', 'store', 'establishment']",15.0,39.4553499,-0.3842449,lavanderias,0912,laundry
217,OPERATIONAL,Speed Water,4.6,"['laundry', 'point_of_interest', 'establishment']",25.0,39.459573299999995,-0.3664324,lavanderias,1005,laundry
218,OPERATIONAL,Oxxo Tintoreria,0.0,"['laundry', 'point_of_interest', 'establishment']",0.0,39.463347799999994,-0.36494240000000006,lavanderias,0253,laundry
219,OPERATIONAL,Lacolada,3.0,"['laundry', 'point_of_interest', 'establishment']",7.0,39.4672628,-0.3477595,lavanderias,1207,laundry
220,OPERATIONAL,Tintoreria Valencia Eurosec | Servicio a domicilio Gratis,5.0,"['laundry', 'point_of_interest', 'establishment']",2.0,39.4906487,-0.3796899,lavanderias,0533,laundry
221,OPERATIONAL,Lavanderías Mr Jeff,4.7,"['laundry', 'point_of_interest', 'establishment']",43.0,39.4627167,-0.3615747,lavanderias,1001,laundry
222,OPERATIONAL,Colada Expres,4.1,"['laundry', 'point_of_interest', 'establishment']",28.0,39.484553000000005,-0.369422,lavanderias,0525,laundry
223,OPERATIONAL,Tintorería UrbanClean,3.8,"['laundry', 'point_of_interest', 'establishment']",25.0,39.4708493,-0.3713565,lavanderias,0130,laundry
224,OPERATIONAL,LAVAHOME,4.1,"['laundry', 'point_of_interest', 'establishment']",40.0,39.468615500000006,-0.3860922,lavanderias,0348,laundry
225,OPERATIONAL,Lavandería Auto-Servicio,4.1,"['laundry', 'point_of_interest', 'establishment']",27.0,39.47990360000001,-0.377208,lavanderias,0111,laundry
226,OPERATIONAL,La Gobernanta · Valencia (Albocácer),5.0,"['laundry', 'point_of_interest', 'establishment']",1.0,39.4680403,-0.37960079999999996,lavanderias,0313,laundry
227,OPERATIONAL,Pressing,0.0,"['laundry', 'point_of_interest', 'establishment']",0.0,39.4693562,-0.3774208,lavanderias,0133,laundry
228,OPERATIONAL,Ce Colada Expres,2.5,"['laundry', 'point_of_interest', 'establishment']",2.0,39.488719200000006,-0.3589173,lavanderias,1422,laundry
229,OPERATIONAL,Tintoreria la Bruixeta,4.4,"['laundry', 'point_of_interest', 'establishment']",23.0,39.48010670000001,-0.395307,lavanderias,0420,laundry
230,OPERATIONAL,Tintorería UrbanClean,3.2,"['laundry', 'point_of_interest', 'establishment']",13.0,39.466550899999994,-0.3729363,lavanderias,0233,laundry
231,OPERATIONAL,Tintoreria Lavanderia Noemi,0.0,"['laundry', 'point_of_interest', 'establishment']",0.0,39.4682381,-0.37920590000000004,lavanderias,0133,laundry
232,OPERATIONAL,autolavanderias martí,4.4,"['laundry', 'point_of_interest', 'establishment']",27.0,39.47526,-0.39289,lavanderias,0326,laundry
233,OPERATIONAL,Tintoreria y Lavanderia Cisne,5.0,"['laundry', 'point_of_interest', 'establishment']",30.0,39.493616300000006,-0.389785,lavanderias,1615,laundry
234,OPERATIONAL,Lavanderia autoservicio,4.5,"['laundry', 'point_of_interest', 'establishment']",11.0,39.4893326,-0.3870086,lavanderias,1610,laundry
235,OPERATIONAL,La Lavandería,2.6,"['laundry', 'point_of_interest', 'establishment']",7.0,39.4883614,-0.38904440000000007,lavanderias,0504,laundry
236,OPERATIONAL,La Colada Benicalap,4.0,"['laundry', 'point_of_interest', 'establishment']",67.0,39.487423,-0.3934829,lavanderias,1619,laundry
237,OPERATIONAL,WASH & GO LAVANDERÍA AUTOSERVICIO,4.4,"['laundry', 'point_of_interest', 'establishment']",44.0,39.4923722,-0.3932723,lavanderias,1612,laundry
239,OPERATIONAL,Tintorería UrbanClean,4.0,"['laundry', 'point_of_interest', 'establishment']",17.0,39.490398,-0.4021,lavanderias,0418,laundry
240,OPERATIONAL,Grigor Sahakyan,0.0,"['laundry', 'point_of_interest', 'establishment']",0.0,39.4858944,-0.390135,lavanderias,0414,laundry
241,OPERATIONAL,Com Nova,4.5,"['laundry', 'point_of_interest', 'establishment']",8.0,39.4837084,-0.3967823,lavanderias,0422,laundry
242,OPERATIONAL,Tintoreria El Turia,4.4,"['laundry', 'point_of_interest', 'establishment']",12.0,39.4895477,-0.3716244,lavanderias,0542,laundry
243,OPERATIONAL,La Gobernanta · Valencia (Conde de Salvatierra),0.0,"['laundry', 'point_of_interest', 'establishment']",0.0,39.46946440000001,-0.3681969,lavanderias,0237,laundry
244,OPERATIONAL,Lavanda,0.0,"['laundry', 'point_of_interest', 'establishment']",0.0,39.4735483,-0.3599652,lavanderias,0608,laundry
245,OPERATIONAL,Laundry Can,0.0,"['point_of_interest', 'establishment']",0.0,39.459510200000004,-0.36642820000000004,lavanderias,1005,point_of_interest
246,OPERATIONAL,Pascual Vázquez Blanch,0.0,"['laundry', 'point_of_interest', 'establishment']",0.0,39.4320659,-0.36291890000000004,lavanderias,1902,laundry
248,OPERATIONAL,Lacolada | Montolivet - Lavandería Auto-Servicio,3.8,"['laundry', 'point_of_interest', 'establishment']",13.0,39.4600321,-0.3623287000000001,lavanderias,1007,laundry
249,OPERATIONAL,KWL - Aqua Lavanderias Autoservicio,3.6,"['laundry', 'point_of_interest', 'establishment']",63.0,39.4640169,-0.34682840000000004,lavanderias,1240,laundry
250,OPERATIONAL,KWL - AQUA,4.4,"['laundry', 'point_of_interest', 'establishment']",26.0,39.476520799999996,-0.35171420000000003,lavanderias,1322,laundry
251,OPERATIONAL,Lavaxpres,0.0,"['laundry', 'point_of_interest', 'establishment']",0.0,39.4672188,-0.35090340000000003,lavanderias,1224,laundry
252,OPERATIONAL,Servicio de lavanderia grupo mejia,0.0,"['laundry', 'point_of_interest', 'establishment']",0.0,39.4573215,-0.3625804,lavanderias,1008,laundry
253,OPERATIONAL,Lavanderia Mercado de Algiros,5.0,"['laundry', 'point_of_interest', 'establishment']",2.0,39.4698105,-0.3535486,lavanderias,1220,laundry
254,OPERATIONAL,La Colada,4.7,"['laundry', 'point_of_interest', 'establishment']",21.0,39.4573179,-0.3625897,lavanderias,1008,laundry
255,OPERATIONAL,BLUWASH Lavanderia Autoservicio,4.8,"['laundry', 'point_of_interest', 'establishment']",18.0,39.45852470000001,-0.3640825,lavanderias,1008,laundry
256,OPERATIONAL,C.M. Improve S.L.,0.0,"['laundry', 'point_of_interest', 'establishment']",0.0,39.4741838,-0.3629525000000001,lavanderias,0603,laundry
258,OPERATIONAL,Kwl Aqua,4.2,"['laundry', 'point_of_interest', 'establishment']",25.0,39.4858755,-0.3619495,lavanderias,1412,laundry
259,OPERATIONAL,Lavasec,5.0,"['laundry', 'point_of_interest', 'establishment']",3.0,39.4936886,-0.3825723,lavanderias,1617,laundry
260,OPERATIONAL,Dicoreho Hostelería & Lavandería,0.0,"['laundry', 'point_of_interest', 'establishment']",0.0,39.4984919,-0.37657340000000006,lavanderias,1519,laundry
261,OPERATIONAL,Tintoreria,0.0,"['laundry', 'point_of_interest', 'establishment']",0.0,39.4874308,-0.3770145,lavanderias,0537,laundry
262,OPERATIONAL,Kwl Aqua Lavanderia De Autoservicio,1.0,"['laundry', 'point_of_interest', 'establishment']",5.0,39.4894913,-0.3824737,lavanderias,0536,laundry
263,OPERATIONAL,Lacolada,0.0,"['laundry', 'point_of_interest', 'establishment']",0.0,39.4920146,-0.3915574,lavanderias,1611,laundry
264,OPERATIONAL,Puinterma.S.L. Lavanderia,3.0,"['laundry', 'point_of_interest', 'establishment']",2.0,39.454862,-0.3883031,lavanderias,0915,laundry
265,OPERATIONAL,La Lavandería Blue Wash Line,4.1,"['laundry', 'point_of_interest', 'establishment']",18.0,39.488268299999994,-0.3685138,lavanderias,1502,laundry
266,OPERATIONAL,Tintorería UrbanClean,3.9,"['laundry', 'point_of_interest', 'establishment']",35.0,39.4851902,-0.39634040000000004,lavanderias,0402,laundry
267,OPERATIONAL,Tintorería Milán,4.3,"['laundry', 'point_of_interest', 'establishment']",16.0,39.4757783,-0.35080479999999997,lavanderias,1322,laundry
268,OPERATIONAL,Tintorería Valencia,4.4,"['laundry', 'point_of_interest', 'establishment']",7.0,39.4597307,-0.3668131000000001,lavanderias,1002,laundry
270,OPERATIONAL,SOLMED Alliance,4.4,"['food', 'point_of_interest', 'establishment']",9.0,39.456555,-0.345856,lavanderias,1242,food
271,OPERATIONAL,Jeff HQ,4.3,"['point_of_interest', 'establishment']",6.0,39.4641091,-0.349698,lavanderias,1240,point_of_interest
272,OPERATIONAL,Aquanatura,0.0,"['point_of_interest', 'establishment']",0.0,39.48577,-0.358615,lavanderias,1407,point_of_interest
276,OPERATIONAL,Lacolada,3.9,"['laundry', 'point_of_interest', 'establishment']",8.0,39.4800577,-0.327838,lavanderias,1138,laundry
277,OPERATIONAL,SpeedyWash Lavandería Autoservicio,4.5,"['laundry', 'point_of_interest', 'establishment']",31.0,39.466765,-0.33966929999999995,lavanderias,1239,laundry
278,OPERATIONAL,LaColada Clean & Dry,3.8,"['laundry', 'point_of_interest', 'establishment']",21.0,39.47327,-0.3537099,lavanderias,0609,laundry
279,OPERATIONAL,lavanderia autoservicio,5.0,"['laundry', 'point_of_interest', 'establishment']",1.0,39.46754179999999,-0.3525032,lavanderias,1222,laundry
280,OPERATIONAL,LAVOMATIC,3.6,"['laundry', 'point_of_interest', 'establishment']",7.0,39.4646456,-0.3355489,lavanderias,1109,laundry
281,OPERATIONAL,Kwl - Aqua,5.0,"['laundry', 'point_of_interest', 'establishment']",1.0,39.4698218,-0.3531519,lavanderias,1220,laundry
282,OPERATIONAL,LACOLADA-EBOSCA,4.1,"['laundry', 'point_of_interest', 'establishment']",19.0,39.466086100000005,-0.3571966,lavanderias,0612,laundry
283,OPERATIONAL,Lavanderia a Domicilio y Autoservicio LavaClick,4.0,"['laundry', 'point_of_interest', 'establishment']",20.0,39.4708889,-0.34885679999999997,lavanderias,1309,laundry
284,OPERATIONAL,Tintorería UrbanClean,3.4,"['laundry', 'point_of_interest', 'establishment']",10.0,39.4573284,-0.34715559999999995,lavanderias,1242,laundry
285,OPERATIONAL,Centro Net,4.6,"['laundry', 'point_of_interest', 'establishment']",22.0,39.4595409,-0.3500547,lavanderias,1241,laundry
287,OPERATIONAL,Las Lavanderas,3.3,"['laundry', 'point_of_interest', 'establishment']",6.0,39.492315999999995,-0.3665888,lavanderias,1533,laundry
288,OPERATIONAL,Lavandería,3.7,"['laundry', 'point_of_interest', 'establishment']",3.0,39.4887265,-0.3589481,lavanderias,1422,laundry
289,OPERATIONAL,LAVANDERIA OPEN WASH BENIMACLET,4.2,"['laundry', 'point_of_interest', 'establishment']",22.0,39.4867475,-0.36401659999999997,lavanderias,1412,laundry
290,OPERATIONAL,Ce Colada Expres,4.9,"['laundry', 'point_of_interest', 'establishment']",7.0,39.494797,-0.3711882,lavanderias,1512,laundry
291,OPERATIONAL,Tintoreria Esplendid,0.0,"['laundry', 'point_of_interest', 'establishment']",0.0,39.481092100000005,-0.3573605,lavanderias,1401,laundry
292,OPERATIONAL,Bluwash España Lavanderías S.L,4.7,"['laundry', 'home_goods_store', 'point_of_interest', 'store', 'establishment']",33.0,39.4910111,-0.3819534,lavanderias,1525,laundry
294,OPERATIONAL,La Colada Lavandería,4.6,"['laundry', 'point_of_interest', 'establishment']",17.0,39.4982047,-0.3936442,lavanderias,1622,laundry
296,OPERATIONAL,Tintorería UrbanClean,3.8,"['laundry', 'point_of_interest', 'establishment']",106.0,39.492110100000005,-0.39990359999999997,lavanderias,1619,laundry
297,OPERATIONAL,Tintoreria Lavanderia Conchi,4.5,"['laundry', 'point_of_interest', 'establishment']",34.0,39.488496999999995,-0.39412670000000005,lavanderias,1619,laundry
298,OPERATIONAL,La Colada de Ana,4.6,"['laundry', 'point_of_interest', 'establishment']",51.0,39.4697685,-0.3384586,lavanderias,1151,laundry
299,OPERATIONAL,Tintoreria Top - Net,5.0,"['laundry', 'point_of_interest', 'establishment']",2.0,39.4768531,-0.3281726,lavanderias,1134,laundry
300,OPERATIONAL,Tintoreria Valencia LaBea,4.8,"['laundry', 'point_of_interest', 'establishment']",37.0,39.4710956,-0.3445356,lavanderias,1329,laundry
301,OPERATIONAL,Tintorería Carda S.L,4.4,"['laundry', 'point_of_interest', 'establishment']",36.0,39.4662414,-0.3307953,lavanderias,1117,laundry
302,OPERATIONAL,La Robaneta,3.8,"['laundry', 'point_of_interest', 'establishment']",33.0,39.467118400000004,-0.3331335,lavanderias,1117,laundry
303,OPERATIONAL,LLAVA'M,4.0,"['laundry', 'point_of_interest', 'establishment']",15.0,39.4721783,-0.3303812,lavanderias,1130,laundry
304,OPERATIONAL,LAVANDERIA LA MAR DE NETA,4.8,"['laundry', 'point_of_interest', 'establishment']",18.0,39.4741984,-0.3520822,lavanderias,1315,laundry
305,OPERATIONAL,Lacolada de Isa,3.7,"['laundry', 'point_of_interest', 'establishment']",20.0,39.4747645,-0.34547690000000003,lavanderias,1313,laundry
310,OPERATIONAL,Lavanderia lacolada,3.6,"['laundry', 'point_of_interest', 'establishment']",14.0,39.491799,-0.3777143,lavanderias,1532,laundry
313,OPERATIONAL,La Lavanderia de Galileo,5.0,"['laundry', 'point_of_interest', 'establishment']",1.0,39.4793623,-0.3400145,lavanderias,1325,laundry
329,OPERATIONAL,Lavanderia-Tintoreria Honduras II,0.0,"['laundry', 'point_of_interest', 'establishment']",0.0,39.4594007,-0.3669235,lavanderias,1003,laundry
330,OPERATIONAL,Tintorerías Mare Nostrum,5.0,"['laundry', 'point_of_interest', 'establishment']",1.0,39.47170560000001,-0.37403959999999997,lavanderias,0130,laundry
365,OPERATIONAL,Bugaderia / Lavandería Low Cost Maximilià,4.9,"['laundry', 'point_of_interest', 'establishment']",18.0,39.4882968,-0.3763610000000001,lavanderias,0538,laundry
369,OPERATIONAL,LaColada Marxalenes,3.8,"['laundry', 'point_of_interest', 'establishment']",4.0,39.488037,-0.3847053,lavanderias,0509,laundry
407,OPERATIONAL,Limpiezas El Rayo del Amanecer,3.9,"['laundry', 'home_goods_store', 'point_of_interest', 'store', 'establishment']",109.0,39.4512087,-0.40331490000000003,lavanderias,0839,laundry
408,OPERATIONAL,Parador Nacional de El Saler,4.4,"['spa', 'lodging', 'restaurant', 'food', 'point_of_interest', 'establishment']",1820.0,39.3207526,-0.3019142,lavanderias,1908,spa
440,OPERATIONAL,Tintorerias Mare Nostrum,0.0,"['laundry', 'point_of_interest', 'establishment']",0.0,39.465920700000005,-0.3397777,lavanderias,1238,laundry
449,OPERATIONAL,Tintoreria Quilis Limpiezas Textiles,0.0,"['laundry', 'point_of_interest', 'establishment']",0.0,39.493480299999995,-0.3758625,lavanderias,1526,laundry
450,OPERATIONAL,Lavanderia san juan bosco,0.0,"['laundry', 'point_of_interest', 'establishment']",0.0,39.4947427,-0.3712249,lavanderias,1512,laundry
451,OPERATIONAL,Oxxo Tintoreria express,0.0,"['laundry', 'point_of_interest', 'establishment']",0.0,39.4717718,-0.3800772,lavanderias,0123,laundry
452,OPERATIONAL,"Mundial Limpieza De Textiles Ante, Napa Y Piel En Seco",0.0,"['laundry', 'point_of_interest', 'establishment']",0.0,39.487548499999995,-0.38801740000000007,lavanderias,0504,laundry
453,OPERATIONAL,R&L,0.0,"['laundry', 'point_of_interest', 'establishment']",0.0,39.48780989999999,-0.3640665,lavanderias,1534,laundry
460,OPERATIONAL,Recalos Para Bebes Floristería,0.0,"['laundry', 'point_of_interest', 'establishment']",0.0,39.4783771,-0.40321290000000004,lavanderias,0419,laundry
461,OPERATIONAL,Antonia Martín Castillo,0.0,"['laundry', 'point_of_interest', 'establishment']",0.0,39.480419299999994,-0.3562098,lavanderias,1424,laundry
471,OPERATIONAL,Supermercado Consum Valencia Salvador Rubio,4.3,"['supermarket', 'convenience_store', 'grocery_or_supermarket', 'food', 'point_of_interest', 'clothing_store', 'store', 'establishment']",227.0,39.4987912,-0.394514,supermercados,1621,supermarket
472,OPERATIONAL,Kuups Supermercados,4.0,"['supermarket', 'grocery_or_supermarket', 'food', 'point_of_interest', 'store', 'establishment']",465.0,39.4695501,-0.3836509,supermercados,0315,supermarket
473,OPERATIONAL,Frutería Javi him super1,5.0,"['supermarket', 'grocery_or_supermarket', 'food', 'point_of_interest', 'store', 'establishment']",6.0,39.459698700000004,-0.3937472,supermercados,0817,supermarket
474,OPERATIONAL,Proxim Supermercados,4.0,"['grocery_or_supermarket', 'food', 'point_of_interest', 'store', 'establishment']",1.0,39.459514399999996,-0.38412290000000004,supermercados,0941,grocery_or_supermarket
478,OPERATIONAL,Herbolario MussaPlants,4.5,"['grocery_or_supermarket', 'spa', 'food', 'health', 'point_of_interest', 'store', 'establishment']",13.0,39.47146499999999,-0.4023285,supermercados,0714,grocery_or_supermarket
482,OPERATIONAL,Supermercado Consum Valencia Llanera de Ranes,4.2,"['supermarket', 'convenience_store', 'grocery_or_supermarket', 'food', 'point_of_interest', 'clothing_store', 'store', 'establishment']",570.0,39.4533669,-0.3894347,supermercados,0923,supermarket
485,OPERATIONAL,Herboristería Miel de Caña,4.6,"['grocery_or_supermarket', 'food', 'health', 'point_of_interest', 'store', 'establishment']",27.0,39.45508040000001,-0.3872203,supermercados,0907,grocery_or_supermarket
486,OPERATIONAL,Druni Perfumerías ®,4.2,"['pharmacy', 'gym', 'health', 'point_of_interest', 'clothing_store', 'store', 'establishment']",329.0,39.4660056,-0.3822295,supermercados,0339,pharmacy
487,OPERATIONAL,Consum,0.0,"['supermarket', 'grocery_or_supermarket', 'food', 'point_of_interest', 'store', 'establishment']",0.0,39.4619345,-0.3883738,supermercados,0807,supermarket
488,OPERATIONAL,Carrefour,4.1,"['supermarket', 'grocery_or_supermarket', 'food', 'point_of_interest', 'store', 'establishment']",10712.0,39.477109000000006,-0.4050189,supermercados,0419,supermarket
489,OPERATIONAL,Druni Perfumerías ®,4.2,"['pharmacy', 'gym', 'health', 'point_of_interest', 'clothing_store', 'store', 'establishment']",1029.0,39.4677066,-0.3750274,supermercados,0132,pharmacy
490,OPERATIONAL,Centre Comercial Campanar,4.2,"['shopping_mall', 'pharmacy', 'supermarket', 'grocery_or_supermarket', 'travel_agency', 'restaurant', 'food', 'health', 'point_of_interest', 'clothing_store', 'store', 'establishment']",4096.0,39.4772623,-0.4045477,supermercados,0419,shopping_mall
493,OPERATIONAL,Original CV - Productes Valencians,4.6,"['grocery_or_supermarket', 'bar', 'liquor_store', 'food', 'point_of_interest', 'store', 'establishment']",87.0,39.4738987,-0.37814440000000005,supermercados,0125,grocery_or_supermarket
494,OPERATIONAL,Supermercado Consum Valencia Plaza Segovia,4.3,"['supermarket', 'convenience_store', 'grocery_or_supermarket', 'food', 'point_of_interest', 'clothing_store', 'store', 'establishment']",382.0,39.4491839,-0.39151529999999996,supermercados,0918,supermarket
495,OPERATIONAL,PRIMAPRIX,4.5,"['supermarket', 'convenience_store', 'grocery_or_supermarket', 'food', 'point_of_interest', 'store', 'establishment']",69.0,39.4624054,-0.3843288,supermercados,0337,supermarket
497,OPERATIONAL,Herbolario Navarro Àngel Guimerà,4.1,"['point_of_interest', 'store', 'establishment']",119.0,39.469736600000005,-0.3876888,supermercados,0350,point_of_interest
498,OPERATIONAL,Supermercado Consum València Fray Pedro Vives,4.2,"['supermarket', 'convenience_store', 'grocery_or_supermarket', 'food', 'point_of_interest', 'clothing_store', 'store', 'establishment']",517.0,39.4868115,-0.3731990000000001,supermercados,0540,supermarket
499,OPERATIONAL,Supermercado Consum València Amadeo de Saboya,4.2,"['supermarket', 'convenience_store', 'grocery_or_supermarket', 'food', 'point_of_interest', 'clothing_store', 'store', 'establishment']",566.0,39.473201,-0.358951,supermercados,0608,supermarket
503,OPERATIONAL,Carrefour Express CEPSA,4.0,"['supermarket', 'grocery_or_supermarket', 'food', 'point_of_interest', 'store', 'establishment']",72.0,39.4627759,-0.3624867,supermercados,0257,supermarket
504,OPERATIONAL,Supermercado Consum València Av. Levante,4.4,"['supermarket', 'convenience_store', 'grocery_or_supermarket', 'food', 'point_of_interest', 'clothing_store', 'store', 'establishment']",543.0,39.495187,-0.390844,supermercados,1629,supermarket
505,OPERATIONAL,Supermercado Consum Valencia Padre Viñas,4.3,"['supermarket', 'convenience_store', 'grocery_or_supermarket', 'food', 'point_of_interest', 'clothing_store', 'store', 'establishment']",292.0,39.4928331,-0.37130559999999996,supermercados,1505,supermarket
506,OPERATIONAL,Supermercado Consum Valencia Oltà,4.3,"['supermarket', 'convenience_store', 'grocery_or_supermarket', 'food', 'point_of_interest', 'clothing_store', 'store', 'establishment']",933.0,39.452529,-0.37531,supermercados,1026,supermarket
510,OPERATIONAL,Clarel,4.5,"['point_of_interest', 'clothing_store', 'store', 'establishment']",15.0,39.4962698,-0.37701809999999997,supermercados,1520,point_of_interest
511,CLOSED_TEMPORARILY,CLAREL,3.3,"['point_of_interest', 'clothing_store', 'store', 'establishment']",7.0,39.4885882,-0.37213070000000004,supermercados,0541,point_of_interest
513,OPERATIONAL,Clarel,4.0,"['point_of_interest', 'clothing_store', 'store', 'establishment']",26.0,39.500322499999996,-0.41877529999999996,supermercados,1801,point_of_interest
515,OPERATIONAL,Herbolario Navarro Gaspar Aguilar,4.3,"['point_of_interest', 'store', 'establishment']",233.0,39.456275,-0.39061799999999997,supermercados,0831,point_of_interest
517,OPERATIONAL,CARLIN,4.2,"['point_of_interest', 'store', 'establishment']",39.0,39.468509000000005,-0.396573,supermercados,0719,point_of_interest
518,OPERATIONAL,Herbolario Navarro,4.4,"['grocery_or_supermarket', 'food', 'point_of_interest', 'store', 'establishment']",445.0,39.4693976,-0.3787478,supermercados,0133,grocery_or_supermarket
519,OPERATIONAL,Aceitunas y Encurtidos Molero S.L.,5.0,"['grocery_or_supermarket', 'food', 'point_of_interest', 'store', 'establishment']",3.0,39.4524945,-0.40369109999999997,supermercados,0835,grocery_or_supermarket
520,OPERATIONAL,Mercadona,4.1,"['supermarket', 'grocery_or_supermarket', 'food', 'point_of_interest', 'store', 'establishment']",737.0,39.495465,-0.37038699999999997,supermercados,1511,supermarket
522,OPERATIONAL,Dealz (Nuevo Centro),4.3,"['point_of_interest', 'store', 'establishment']",596.0,39.4812153,-0.3921301,supermercados,0401,point_of_interest
524,OPERATIONAL,Carrefour,3.9,"['supermarket', 'grocery_or_supermarket', 'food', 'point_of_interest', 'store', 'establishment']",2052.0,39.4939204,-0.36280759999999995,supermercados,1533,supermarket
528,OPERATIONAL,Consum,4.2,"['supermarket', 'grocery_or_supermarket', 'food', 'point_of_interest', 'store', 'establishment']",6.0,39.47659110000001,-0.34779770000000004,supermercados,1324,supermarket
529,OPERATIONAL,Mercadona,4.1,"['supermarket', 'grocery_or_supermarket', 'food', 'point_of_interest', 'store', 'establishment']",1271.0,39.46257500000001,-0.33698049999999996,supermercados,1105,supermarket
530,OPERATIONAL,Farmacia,5.0,"['store', 'point_of_interest', 'establishment']",2.0,39.481287200000004,-0.40263530000000003,supermercados,0419,store
533,OPERATIONAL,Clarel,3.3,"['point_of_interest', 'clothing_store', 'store', 'establishment']",31.0,39.483737100000006,-0.35990209999999995,supermercados,1402,point_of_interest
535,OPERATIONAL,Taste of America,4.3,"['supermarket', 'grocery_or_supermarket', 'food', 'point_of_interest', 'store', 'establishment']",328.0,39.464617,-0.37296,supermercados,0214,supermarket
536,OPERATIONAL,Huevos Salon,4.8,"['grocery_or_supermarket', 'food', 'point_of_interest', 'store', 'establishment']",8.0,39.4609345,-0.3619824,supermercados,1045,grocery_or_supermarket
537,OPERATIONAL,INTERZOO MALILLA,4.5,"['pet_store', 'point_of_interest', 'store', 'establishment']",105.0,39.451384600000004,-0.37873340000000005,supermercados,1028,pet_store
539,OPERATIONAL,Douglas Perfumería,4.4,"['point_of_interest', 'clothing_store', 'store', 'establishment']",97.0,39.468003100000004,-0.37308179999999996,supermercados,0233,point_of_interest
541,OPERATIONAL,Supermercado charter,4.3,"['supermarket', 'convenience_store', 'grocery_or_supermarket', 'food', 'point_of_interest', 'store', 'establishment']",3.0,39.4651393,-0.3863498,supermercados,0341,supermarket
542,OPERATIONAL,Miguel Abad Pérez,0.0,"['grocery_or_supermarket', 'food', 'point_of_interest', 'store', 'establishment']",0.0,39.473384900000006,-0.3799614,supermercados,0124,grocery_or_supermarket
543,OPERATIONAL,Belros,4.1,"['food', 'point_of_interest', 'store', 'establishment']",7.0,39.473593799999996,-0.3758995,supermercados,0125,food
544,OPERATIONAL,CARLIN,4.2,"['point_of_interest', 'store', 'establishment']",74.0,39.46531160000001,-0.3843763,supermercados,0343,point_of_interest
545,OPERATIONAL,Perfumería Prieto,4.0,"['point_of_interest', 'clothing_store', 'store', 'establishment']",5.0,39.469355,-0.37737800000000005,supermercados,0133,point_of_interest
546,OPERATIONAL,Herbolario Navarro Calle Alboraya,4.4,"['point_of_interest', 'store', 'establishment']",69.0,39.48241609999999,-0.37049790000000005,supermercados,0527,point_of_interest
547,OPERATIONAL,Boutique Nespresso El Corte Inglés Nuevo Centro,4.3,"['home_goods_store', 'food', 'point_of_interest', 'store', 'establishment']",556.0,39.47976,-0.389708,supermercados,0401,home_goods_store
548,OPERATIONAL,Belros,4.2,"['food', 'point_of_interest', 'store', 'establishment']",5.0,39.4659412,-0.37461409999999995,supermercados,0201,food
549,OPERATIONAL,Consum,4.3,"['supermarket', 'convenience_store', 'grocery_or_supermarket', 'food', 'point_of_interest', 'clothing_store', 'store', 'establishment']",442.0,39.482960999999996,-0.378177,supermercados,0511,supermarket
553,OPERATIONAL,Kuups Supermercados,4.0,"['supermarket', 'grocery_or_supermarket', 'food', 'point_of_interest', 'store', 'establishment']",655.0,39.491087,-0.3790297,supermercados,1524,supermarket
556,OPERATIONAL,Supermercados Suma,3.0,"['supermarket', 'grocery_or_supermarket', 'food', 'point_of_interest', 'store', 'establishment']",2.0,39.46068820000001,-0.3693935,supermercados,0221,supermarket
557,OPERATIONAL,Supermercado Consum Valencia Matías Perelló,4.2,"['supermarket', 'convenience_store', 'grocery_or_supermarket', 'food', 'point_of_interest', 'clothing_store', 'store', 'establishment']",667.0,39.4620486,-0.3661949,supermercados,0206,supermarket
558,OPERATIONAL,Kiwoko. Mundo Animal,4.2,"['pet_store', 'veterinary_care', 'food', 'point_of_interest', 'store', 'establishment']",433.0,39.4708537,-0.36881440000000004,supermercados,0239,pet_store
560,OPERATIONAL,Mercadona,4.2,"['supermarket', 'grocery_or_supermarket', 'food', 'point_of_interest', 'store', 'establishment']",1687.0,39.466499299999995,-0.3324966,supermercados,1117,supermarket
561,OPERATIONAL,Belros,3.8,"['food', 'point_of_interest', 'store', 'establishment']",43.0,39.45321029999999,-0.35426090000000005,supermercados,1040,food
562,OPERATIONAL,Parafarmacia,0.0,"['pharmacy', 'health', 'point_of_interest', 'store', 'establishment']",0.0,39.4630037,-0.3720228,supermercados,0213,pharmacy
563,OPERATIONAL,PRIMAPRIX,4.6,"['supermarket', 'grocery_or_supermarket', 'food', 'point_of_interest', 'store', 'establishment']",78.0,39.4666395,-0.3531953,supermercados,1222,supermarket
564,OPERATIONAL,Rossmann España,4.7,"['point_of_interest', 'store', 'establishment']",109.0,39.469514399999994,-0.3679533,supermercados,0238,point_of_interest
565,OPERATIONAL,CARLIN,2.4,"['point_of_interest', 'store', 'establishment']",41.0,39.46918290000001,-0.367415,supermercados,0238,point_of_interest
566,OPERATIONAL,CARLIN,4.4,"['point_of_interest', 'store', 'establishment']",38.0,39.473481899999996,-0.37349770000000004,supermercados,0105,point_of_interest
567,OPERATIONAL,Carlin,4.0,"['point_of_interest', 'store', 'establishment']",96.0,39.483613500000004,-0.369892,supermercados,0527,point_of_interest
568,OPERATIONAL,CARLIN-Juan XXIII,4.6,"['point_of_interest', 'store', 'establishment']",216.0,39.492736799999996,-0.38278340000000005,supermercados,1530,point_of_interest
569,OPERATIONAL,Rossmann España,4.5,"['supermarket', 'grocery_or_supermarket', 'food', 'point_of_interest', 'store', 'establishment']",195.0,39.462639900000006,-0.3411059,supermercados,1213,supermarket
570,OPERATIONAL,Nueva Nutricion,5.0,"['health', 'point_of_interest', 'store', 'establishment']",105.0,39.460725399999994,-0.341084,supermercados,1232,health
571,OPERATIONAL,Interzoo,4.4,"['pet_store', 'point_of_interest', 'store', 'establishment']",115.0,39.4676459,-0.3346645,supermercados,1109,pet_store
572,OPERATIONAL,Kiwoko. Mundo Animal,4.5,"['pet_store', 'veterinary_care', 'food', 'point_of_interest', 'store', 'establishment']",269.0,39.456461700000006,-0.3462362,supermercados,1242,pet_store
573,OPERATIONAL,Tien21 Ferretería García,4.7,"['home_goods_store', 'point_of_interest', 'store', 'establishment']",16.0,39.448429,-0.333901,supermercados,1146,home_goods_store
575,OPERATIONAL,Boutique Nespresso Aqua,4.4,"['home_goods_store', 'food', 'point_of_interest', 'store', 'establishment']",287.0,39.456487599999996,-0.3462127,supermercados,1242,home_goods_store
576,OPERATIONAL,Herbolario Navarro Benimaclet,4.5,"['point_of_interest', 'store', 'establishment']",87.0,39.489737700000006,-0.3623143,supermercados,1534,point_of_interest
577,OPERATIONAL,Kiwoko. Mundo Animal,4.0,"['pet_store', 'veterinary_care', 'food', 'point_of_interest', 'store', 'establishment']",826.0,39.494418599999996,-0.3622915,supermercados,1533,pet_store
578,OPERATIONAL,CARLIN,4.3,"['point_of_interest', 'store', 'establishment']",43.0,39.4870104,-0.37524,supermercados,0537,point_of_interest
580,OPERATIONAL,Druni Perfumerías ®,4.4,"['pharmacy', 'gym', 'health', 'point_of_interest', 'clothing_store', 'store', 'establishment']",160.0,39.4885167,-0.3605159,supermercados,1409,pharmacy
582,OPERATIONAL,Cadena 88 Ferreteria,4.2,"['hardware_store', 'point_of_interest', 'store', 'establishment']",25.0,39.4939858,-0.3691676,supermercados,1506,hardware_store
583,OPERATIONAL,Miguel Sahuquillo Sahuquillo,4.4,"['hardware_store', 'point_of_interest', 'store', 'establishment']",25.0,39.494008,-0.3691483,supermercados,1506,hardware_store
587,OPERATIONAL,CARLIN,3.9,"['point_of_interest', 'store', 'establishment']",63.0,39.4668177,-0.3354238,supermercados,1301,point_of_interest
588,OPERATIONAL,Super Reina,4.6,"['grocery_or_supermarket', 'food', 'point_of_interest', 'store', 'establishment']",56.0,39.4720893,-0.3280272,supermercados,1119,grocery_or_supermarket
617,OPERATIONAL,Kuups,4.0,"['supermarket', 'grocery_or_supermarket', 'food', 'point_of_interest', 'store', 'establishment']",570.0,39.472592799999994,-0.3377908,supermercados,1325,supermarket
649,OPERATIONAL,Tres Creus (carril bus) - Pare Esteban Pernet,0.0,"['transit_station', 'point_of_interest', 'establishment']",0.0,39.4669756,-0.4063366,transporte,0736,transit_station
650,OPERATIONAL,València Sud,3.7,"['subway_station', 'transit_station', 'point_of_interest', 'establishment']",30.0,39.4408237,-0.41057330000000003,transporte,1912,subway_station
651,OPERATIONAL,Pl. Espanya,4.2,"['subway_station', 'transit_station', 'point_of_interest', 'establishment']",84.0,39.466146200000004,-0.3816775,transporte,0314,subway_station
652,OPERATIONAL,Pare Esteban Pernet - Misericòrdia,0.0,"['transit_station', 'point_of_interest', 'establishment']",0.0,39.4672306,-0.4094715,transporte,0738,transit_station
653,OPERATIONAL,Escultor Salzillo - Casa de la Misericòrdia,4.3,"['transit_station', 'point_of_interest', 'establishment']",4.0,39.465796600000004,-0.40958259999999996,transporte,0738,transit_station
654,OPERATIONAL,Estación de Bailén,4.0,"['transit_station', 'point_of_interest', 'establishment']",3.0,39.46397779999999,-0.37942220000000004,transporte,0310,transit_station
656,OPERATIONAL,Pare Esteban Pernet - Casa Misericòrdia,0.0,"['transit_station', 'point_of_interest', 'establishment']",0.0,39.46713870000001,-0.40953320000000004,transporte,0738,transit_station
657,OPERATIONAL,Dr. Tomàs Sala - Gaspar Aguilar,5.0,"['transit_station', 'point_of_interest', 'establishment']",2.0,39.4491041,-0.3944725,transporte,0918,transit_station
658,OPERATIONAL,Estación de Pont de Fusta,1.0,"['transit_station', 'point_of_interest', 'establishment']",1.0,39.4813465,-0.3736328,transporte,0517,transit_station
660,OPERATIONAL,Colón,4.1,"['subway_station', 'transit_station', 'point_of_interest', 'establishment']",198.0,39.47014619999999,-0.3709278,transporte,0131,subway_station
661,OPERATIONAL,Sagunt,4.0,"['transit_station', 'point_of_interest', 'establishment']",16.0,39.4865097,-0.37553909999999996,transporte,0537,transit_station
663,OPERATIONAL,Estadi del Llevant,4.3,"['transit_station', 'point_of_interest', 'establishment']",14.0,39.495028999999995,-0.365176,transporte,1533,transit_station
664,OPERATIONAL,Alameda,4.3,"['subway_station', 'transit_station', 'point_of_interest', 'establishment']",109.0,39.4735843,-0.3654685,transporte,0601,subway_station
665,OPERATIONAL,Estación de Tossal del Rei,0.0,"['train_station', 'transit_station', 'point_of_interest', 'establishment']",0.0,39.495544200000005,-0.37259640000000005,transporte,1516,train_station
667,OPERATIONAL,Estació de Benimaclet,4.1,"['point_of_interest', 'establishment']",463.0,39.4851031,-0.3620585,transporte,1403,point_of_interest
668,OPERATIONAL,Marxalenes,4.6,"['transit_station', 'point_of_interest', 'establishment']",11.0,39.48795399999999,-0.3838833,transporte,0509,transit_station
670,OPERATIONAL,EMT Valencia (Cocheras),4.3,"['point_of_interest', 'establishment']",17.0,39.4498458,-0.4053731,transporte,0821,point_of_interest
671,OPERATIONAL,Facultats,4.0,"['subway_station', 'transit_station', 'point_of_interest', 'establishment']",34.0,39.478237,-0.3618484,transporte,0624,subway_station
672,OPERATIONAL,Universitat Politècnica,3.9,"['transit_station', 'point_of_interest', 'establishment']",10.0,39.481245799999996,-0.3499899,transporte,1325,transit_station
676,OPERATIONAL,Reus,4.3,"['transit_station', 'point_of_interest', 'establishment']",6.0,39.4859974,-0.38172690000000004,transporte,0502,transit_station
677,OPERATIONAL,Florista - Faura,4.7,"['transit_station', 'point_of_interest', 'establishment']",3.0,39.4921189,-0.3941177,transporte,1604,transit_station
678,OPERATIONAL,Orriols,4.6,"['transit_station', 'point_of_interest', 'establishment']",8.0,39.49316220000001,-0.36758140000000006,transporte,1506,transit_station
679,OPERATIONAL,Machado,4.0,"['subway_station', 'transit_station', 'point_of_interest', 'establishment']",23.0,39.492431599999996,-0.3587945,transporte,1529,subway_station
681,OPERATIONAL,Dr. Lluch,2.9,"['transit_station', 'point_of_interest', 'establishment']",14.0,39.4684239,-0.3280889,transporte,1113,transit_station
683,OPERATIONAL,Palau de Congressos,3.4,"['transit_station', 'point_of_interest', 'establishment']",10.0,39.497243299999994,-0.40010029999999996,transporte,1804,transit_station
684,OPERATIONAL,Benicalap,3.3,"['transit_station', 'point_of_interest', 'establishment']",12.0,39.4899277,-0.38988290000000003,transporte,1610,transit_station
687,OPERATIONAL,Sant Miquel dels Reis,5.0,"['transit_station', 'point_of_interest', 'establishment']",3.0,39.497608,-0.369872,transporte,1513,transit_station
688,OPERATIONAL,Tossal del Rei,3.7,"['transit_station', 'point_of_interest', 'establishment']",18.0,39.4958768,-0.3724775,transporte,1517,transit_station
690,OPERATIONAL,Amistat-Casa de Salut,4.1,"['subway_station', 'transit_station', 'point_of_interest', 'establishment']",35.0,39.470331099999996,-0.3503945,transporte,1319,subway_station
691,OPERATIONAL,Garbí,4.2,"['transit_station', 'point_of_interest', 'establishment']",13.0,39.4921258,-0.39412329999999995,transporte,1604,transit_station
692,OPERATIONAL,Plaza España,4.1,"['transit_station', 'point_of_interest', 'establishment']",34.0,39.467056400000004,-0.3823767,transporte,0315,transit_station
693,OPERATIONAL,Ferran el Catòlic - Juan de Mena,1.0,"['transit_station', 'point_of_interest', 'establishment']",1.0,39.4723219,-0.38613190000000003,transporte,0302,transit_station
694,OPERATIONAL,Serrería,4.1,"['transit_station', 'point_of_interest', 'establishment']",9.0,39.4766924,-0.3345288,transporte,1325,transit_station
695,OPERATIONAL,La Marina de València,3.9,"['transit_station', 'point_of_interest', 'establishment']",20.0,39.463253,-0.3258508,transporte,1112,transit_station
700,OPERATIONAL,Estación de Valencia-Joaquín Sorolla,2.9,"['transit_station', 'point_of_interest', 'establishment']",36.0,39.459493200000004,-0.3824848,transporte,0333,transit_station
701,OPERATIONAL,Trànsits,3.9,"['transit_station', 'point_of_interest', 'establishment']",13.0,39.489563000000004,-0.387258,transporte,1610,transit_station
703,OPERATIONAL,Massarrojos,3.8,"['subway_station', 'transit_station', 'point_of_interest', 'establishment']",16.0,39.5366096,-0.4028778000000001,transporte,1706,subway_station
704,OPERATIONAL,Ayora,3.9,"['subway_station', 'transit_station', 'point_of_interest', 'establishment']",56.0,39.467774799999994,-0.343138,transporte,1210,subway_station
705,OPERATIONAL,Eugenia Viñes,3.9,"['transit_station', 'point_of_interest', 'establishment']",10.0,39.4739085,-0.32564790000000005,transporte,1119,transit_station
706,OPERATIONAL,Autocares Herca,2.3,"['transit_station', 'point_of_interest', 'establishment']",28.0,39.4810141,-0.3860909,transporte,0408,transit_station
708,OPERATIONAL,Arxiduc Carles - Puebla Valverde,5.0,"['transit_station', 'point_of_interest', 'establishment']",1.0,39.459509000000004,-0.4011475,transporte,0824,transit_station
709,OPERATIONAL,Arxiduc Carles - Músic Gomis,0.0,"['transit_station', 'point_of_interest', 'establishment']",0.0,39.458801,-0.40131849999999997,transporte,0830,transit_station
710,OPERATIONAL,Tres Creus - Bolívia,1.0,"['transit_station', 'point_of_interest', 'establishment']",1.0,39.4563332,-0.4010727,transporte,0819,transit_station
711,OPERATIONAL,Tres Creus - Arxiduc Carles,5.0,"['transit_station', 'point_of_interest', 'establishment']",1.0,39.4571656,-0.40222640000000004,transporte,0819,transit_station
712,OPERATIONAL,Camí nou de Picanya - Tres Creus,5.0,"['transit_station', 'point_of_interest', 'establishment']",1.0,39.457561,-0.403265,transporte,0824,transit_station
713,OPERATIONAL,Xàtiva,4.3,"['subway_station', 'transit_station', 'point_of_interest', 'establishment']",146.0,39.4673399,-0.3767778,transporte,0310,subway_station
714,OPERATIONAL,Autobus 89,3.8,"['point_of_interest', 'establishment']",32.0,39.4571869,-0.3747905,transporte,1046,point_of_interest
715,OPERATIONAL,Nord Station,4.2,"['train_station', 'transit_station', 'point_of_interest', 'establishment']",1053.0,39.46603029999999,-0.3774451,transporte,0310,train_station
716,OPERATIONAL,Francesc Cubells,4.3,"['transit_station', 'point_of_interest', 'establishment']",9.0,39.463264200000005,-0.3342127,transporte,1105,transit_station
717,OPERATIONAL,Dr. Tomàs Sala (impar) - Sant Vicent Màrtir,5.0,"['transit_station', 'point_of_interest', 'establishment']",1.0,39.446815,-0.38706399999999996,transporte,0940,transit_station
718,OPERATIONAL,Malilla (par) - Illa Formentera,4.0,"['transit_station', 'point_of_interest', 'establishment']",1.0,39.446971000000005,-0.380108,transporte,1029,transit_station
719,OPERATIONAL,Dr. Tomàs Sala - Carters,5.0,"['transit_station', 'point_of_interest', 'establishment']",1.0,39.447598,-0.390425,transporte,0935,transit_station
720,OPERATIONAL,Carters (par) - Primer de Maig,0.0,"['transit_station', 'point_of_interest', 'establishment']",0.0,39.448196,-0.38965900000000003,transporte,0918,transit_station
721,OPERATIONAL,Sant Isidre,4.3,"['subway_station', 'transit_station', 'point_of_interest', 'establishment']",30.0,39.451046399999996,-0.4026349,transporte,0835,subway_station
722,OPERATIONAL,València - Sant Isidre,3.7,"['train_station', 'transit_station', 'point_of_interest', 'establishment']",31.0,39.450146200000006,-0.4039736,transporte,0821,train_station
723,OPERATIONAL,La Cadena,4.6,"['transit_station', 'point_of_interest', 'establishment']",13.0,39.4752144,-0.32941090000000006,transporte,1131,transit_station
724,OPERATIONAL,Ferran el Catòlic - Gabriel Miró,4.0,"['transit_station', 'point_of_interest', 'establishment']",1.0,39.47263579999999,-0.3869646,transporte,0318,transit_station
725,OPERATIONAL,Àngel Guimerà - Bon Ordre,0.0,"['transit_station', 'point_of_interest', 'establishment']",0.0,39.469827200000005,-0.38813590000000003,transporte,0350,transit_station
726,OPERATIONAL,Ferran el Catòlic - S. Ignacio de Loyola,4.0,"['transit_station', 'point_of_interest', 'establishment']",1.0,39.4737644,-0.38776550000000004,transporte,0319,transit_station
727,OPERATIONAL,Mestre Guerrero - Joan Llorens,5.0,"['transit_station', 'point_of_interest', 'establishment']",1.0,39.4738098,-0.3918547,transporte,0328,transit_station
728,OPERATIONAL,Safranar,3.4,"['subway_station', 'transit_station', 'point_of_interest', 'establishment']",29.0,39.4552519,-0.39719720000000003,transporte,0832,subway_station
729,OPERATIONAL,Estación de Patraix,0.0,"['transit_station', 'point_of_interest', 'establishment']",0.0,39.4563609,-0.3902394,transporte,0915,transit_station
730,OPERATIONAL,Autobuses Buñol,1.8,"['transit_station', 'point_of_interest', 'establishment']",42.0,39.481,-0.3861241,transporte,0408,transit_station
731,OPERATIONAL,Estació d'autobusos de València,2.1,"['transit_station', 'point_of_interest', 'establishment']",421.0,39.480658,-0.3872928,transporte,0401,transit_station
732,OPERATIONAL,Terrateig - Poeta Rafael Alberti,0.0,"['transit_station', 'point_of_interest', 'establishment']",0.0,39.48098760000001,-0.4038558,transporte,0419,transit_station
733,OPERATIONAL,Mestre Rodrigo - General Avilés,0.0,"['transit_station', 'point_of_interest', 'establishment']",0.0,39.4837668,-0.4018605,transporte,0417,transit_station
734,OPERATIONAL,Mestre Rodrigo (Impar) - la Safor,0.0,"['transit_station', 'point_of_interest', 'establishment']",0.0,39.486964,-0.40458259999999996,transporte,0418,transit_station
735,OPERATIONAL,Terrateig - Jorge Comín,0.0,"['transit_station', 'point_of_interest', 'establishment']",0.0,39.4810903,-0.4035493,transporte,0419,transit_station
736,OPERATIONAL,Quartell - Burjassot,0.0,"['transit_station', 'point_of_interest', 'establishment']",0.0,39.4955566,-0.3974532,transporte,1620,transit_station
739,OPERATIONAL,Burjassot - Marxalenes,0.0,"['transit_station', 'point_of_interest', 'establishment']",0.0,39.486357700000006,-0.386813,transporte,0505,transit_station
740,OPERATIONAL,Estació J. Sorolla - Mestre Sosa,0.0,"['transit_station', 'point_of_interest', 'establishment']",0.0,39.46071999999999,-0.381952,transporte,0333,transit_station
741,OPERATIONAL,Sant Vicent Màrtir - Roís de Corella,5.0,"['transit_station', 'point_of_interest', 'establishment']",1.0,39.458904,-0.38310900000000003,transporte,0333,transit_station
742,OPERATIONAL,Sant Vicent Màrtir - Dr. Gil i Morte,5.0,"['transit_station', 'point_of_interest', 'establishment']",1.0,39.461834,-0.382359,transporte,0333,transit_station
743,OPERATIONAL,Giorgeta - Roís de Corella,1.0,"['transit_station', 'point_of_interest', 'establishment']",1.0,39.459082200000005,-0.3842487,transporte,0941,transit_station
744,OPERATIONAL,Estació del Cabanyal,3.9,"['transit_station', 'point_of_interest', 'establishment']",12.0,39.4701515,-0.3341973,transporte,1124,transit_station
745,OPERATIONAL,València-Cabanyal,4.0,"['train_station', 'transit_station', 'point_of_interest', 'establishment']",97.0,39.4701028,-0.3346628,transporte,1124,train_station
746,OPERATIONAL,Estació del Nord,3.9,"['transit_station', 'point_of_interest', 'establishment']",180.0,39.4665795,-0.3772874000000001,transporte,0310,transit_station
747,OPERATIONAL,Aragó,4.4,"['subway_station', 'transit_station', 'point_of_interest', 'establishment']",45.0,39.4725531,-0.35794190000000004,transporte,0608,subway_station
748,OPERATIONAL,Bulevard Sud (impar) - Juan Ramón Jiménez,3.0,"['transit_station', 'point_of_interest', 'establishment']",2.0,39.4459404,-0.3700384,transporte,1039,transit_station
749,OPERATIONAL,Bulevard Sud - Ing. Joaquín Benlloch,0.0,"['transit_station', 'point_of_interest', 'establishment']",0.0,39.4454843,-0.37329209999999996,transporte,1039,transit_station
750,OPERATIONAL,Bulevard Sud - Ausiàs March,5.0,"['transit_station', 'point_of_interest', 'establishment']",1.0,39.445592299999994,-0.36954000000000004,transporte,1039,transit_station
751,OPERATIONAL,Gravador Jordán - Escultor Pastor,0.0,"['transit_station', 'point_of_interest', 'establishment']",0.0,39.444241,-0.367595,transporte,1030,transit_station
752,OPERATIONAL,Marítim - Serrería,4.0,"['transit_station', 'subway_station', 'point_of_interest', 'establishment']",116.0,39.464605600000006,-0.3378237,transporte,1243,transit_station
753,OPERATIONAL,Tarongers,4.4,"['transit_station', 'point_of_interest', 'establishment']",9.0,39.4781468,-0.3395805,transporte,1325,transit_station
754,OPERATIONAL,Amado Granell Mesado (par) - la Plata,0.0,"['transit_station', 'point_of_interest', 'establishment']",0.0,39.456959000000005,-0.363659,transporte,1005,transit_station
755,OPERATIONAL,La Plata - Músic Òscar Esplá,5.0,"['transit_station', 'point_of_interest', 'establishment']",1.0,39.4567834,-0.36274209999999996,transporte,1037,transit_station
756,OPERATIONAL,Amado Granell Mesado (impar) - la Plata,0.0,"['transit_station', 'point_of_interest', 'establishment']",0.0,39.457161000000006,-0.363444,transporte,1005,transit_station
757,OPERATIONAL,Amado Granell Mesado (par) - Lluís Oliag,0.0,"['transit_station', 'point_of_interest', 'establishment']",0.0,39.4597279,-0.3656988,transporte,1005,transit_station
758,OPERATIONAL,La Plata - Amado Granell Mesado,3.0,"['transit_station', 'point_of_interest', 'establishment']",1.0,39.456989,-0.362798,transporte,1008,transit_station
759,OPERATIONAL,Porta de la Mar - General Palanca,1.0,"['transit_station', 'point_of_interest', 'establishment']",1.0,39.4726213,-0.3688417,transporte,0109,transit_station
760,OPERATIONAL,Carrer de la Pau,0.0,"['transit_station', 'point_of_interest', 'establishment']",0.0,39.473192299999994,-0.3723066,transporte,0105,transit_station
761,OPERATIONAL,Tetuan,4.8,"['transit_station', 'point_of_interest', 'establishment']",10.0,39.474008000000005,-0.3699040000000001,transporte,0109,transit_station
762,OPERATIONAL,Porta de la Mar (par) - Palau de Justícia,5.0,"['transit_station', 'point_of_interest', 'establishment']",1.0,39.472202,-0.369427,transporte,0109,transit_station
764,OPERATIONAL,Reus (impar) - Poeta Fdez. Heredia,0.0,"['transit_station', 'point_of_interest', 'establishment']",0.0,39.485775200000006,-0.3800305,transporte,0502,transit_station
765,OPERATIONAL,Dr. Peset Aleixandre - Guardacostes,3.0,"['transit_station', 'point_of_interest', 'establishment']",3.0,39.490021,-0.382689,transporte,0536,transit_station
766,OPERATIONAL,Reus - Alqueria de la Estrella,4.0,"['transit_station', 'point_of_interest', 'establishment']",1.0,39.4857228,-0.382809,transporte,0505,transit_station
767,OPERATIONAL,Reus - Periodista Llorente,5.0,"['transit_station', 'point_of_interest', 'establishment']",1.0,39.48579470000001,-0.38354879999999997,transporte,0505,transit_station
768,OPERATIONAL,Dr. Peset Aleixandre - Joan XXIII,4.0,"['transit_station', 'point_of_interest', 'establishment']",1.0,39.4901787,-0.3829827,transporte,1606,transit_station
769,OPERATIONAL,Autocares TRAVICOI,3.1,"['point_of_interest', 'establishment']",10.0,39.4809715,-0.3862862,transporte,0408,point_of_interest
770,OPERATIONAL,Cardenal Benlloch - Dr. Ferran,3.0,"['transit_station', 'point_of_interest', 'establishment']",1.0,39.4696223,-0.3554064,transporte,0615,transit_station
771,OPERATIONAL,Dr. Manuel Candela (par) - Sants Just i Pastor,0.0,"['transit_station', 'point_of_interest', 'establishment']",0.0,39.4703687,-0.349102,transporte,1307,transit_station
772,OPERATIONAL,Dr. Manuel Candela (impar) - Rodríguez de Cepeda,0.0,"['transit_station', 'point_of_interest', 'establishment']",0.0,39.468376299999996,-0.35026740000000006,transporte,1223,transit_station
773,OPERATIONAL,Sants Just i Pastor - Lluís de Milà,0.0,"['transit_station', 'point_of_interest', 'establishment']",0.0,39.4708925,-0.3528487,transporte,1219,transit_station
774,OPERATIONAL,Dr. Manuel Candela (par) - Rodríguez de Cepeda,4.5,"['transit_station', 'point_of_interest', 'establishment']",2.0,39.468311,-0.34998,transporte,1201,transit_station
775,OPERATIONAL,Jesús Morante Borràs (I),0.0,"['transit_station', 'point_of_interest', 'establishment']",0.0,39.4510149,-0.3454346,transporte,1054,transit_station
776,OPERATIONAL,Eduardo Primo Yúfera - Centre d'Investigació,0.0,"['transit_station', 'point_of_interest', 'establishment']",0.0,39.45193099999999,-0.34636999999999996,transporte,1054,transit_station
777,OPERATIONAL,Eduardo Primo Yúfera - Front Centre Investigació,0.0,"['transit_station', 'point_of_interest', 'establishment']",0.0,39.45149310000001,-0.3448039,transporte,1054,transit_station
778,OPERATIONAL,Eduardo Primo Yúfera - Àgora,4.0,"['transit_station', 'point_of_interest', 'establishment']",1.0,39.4523268,-0.347963,transporte,1040,transit_station
779,OPERATIONAL,Font d'en Corts - Camí dels Rocs,0.0,"['transit_station', 'point_of_interest', 'establishment']",0.0,39.4440696,-0.3571638,transporte,1041,transit_station
780,OPERATIONAL,Font d'en Corts (par) - Mossén Palanca,0.0,"['transit_station', 'point_of_interest', 'establishment']",0.0,39.444767,-0.357646,transporte,1041,transit_station
781,OPERATIONAL,Font d'en Corts (impar) - Matador d'en Corts,0.0,"['transit_station', 'point_of_interest', 'establishment']",0.0,39.44336029999999,-0.3567509,transporte,1041,transit_station
782,OPERATIONAL,Font d'en Corts (par) - Roig de lagarda,0.0,"['transit_station', 'point_of_interest', 'establishment']",0.0,39.445667,-0.35835900000000004,transporte,1041,transit_station
783,OPERATIONAL,Valladolid - Vinaròs,4.0,"['transit_station', 'point_of_interest', 'establishment']",1.0,39.4895737,-0.36246259999999997,transporte,1534,transit_station
784,OPERATIONAL,Dolores Marqués - Assagador d'Alboraia,0.0,"['transit_station', 'point_of_interest', 'establishment']",0.0,39.4882821,-0.36204309999999995,transporte,1411,transit_station
785,OPERATIONAL,Emili Baró - Francesc Martínez,0.0,"['transit_station', 'point_of_interest', 'establishment']",0.0,39.488243,-0.360563,transporte,1409,transit_station
786,OPERATIONAL,Valladolid - Dolores Marqués,0.0,"['transit_station', 'point_of_interest', 'establishment']",0.0,39.489715600000004,-0.3624289,transporte,1534,transit_station
787,OPERATIONAL,Alfahuir - Cercle de Belles Arts,0.0,"['transit_station', 'point_of_interest', 'establishment']",0.0,39.49101710000001,-0.36254440000000004,transporte,1534,transit_station
788,OPERATIONAL,Àngel Guimerà,3.5,"['subway_station', 'transit_station', 'point_of_interest', 'establishment']",106.0,39.470423,-0.3851223,transporte,0349,subway_station
789,OPERATIONAL,Músic Espí - Gravador Fabregat,0.0,"['transit_station', 'point_of_interest', 'establishment']",0.0,39.4969694,-0.3741982,transporte,1518,transit_station
790,OPERATIONAL,Comte de Torrefiel - Josep Esteve,4.0,"['transit_station', 'point_of_interest', 'establishment']",1.0,39.495899,-0.376847,transporte,1520,transit_station
791,OPERATIONAL,Sant Doménec Savio - Josep Esteve,3.0,"['transit_station', 'point_of_interest', 'establishment']",2.0,39.4960231,-0.3755159,transporte,1520,transit_station
792,OPERATIONAL,Pintor Jacomart - Comte de Torrefiel,5.0,"['transit_station', 'point_of_interest', 'establishment']",1.0,39.4964676,-0.3772548,transporte,1520,transit_station
793,OPERATIONAL,Pere Cabanes - Sant Doménec Savio,1.0,"['transit_station', 'point_of_interest', 'establishment']",1.0,39.494985,-0.37532859999999996,transporte,1514,transit_station
795,OPERATIONAL,Andreu Alfaro - Louis Braille,0.0,"['transit_station', 'point_of_interest', 'establishment']",0.0,39.497307,-0.394635,transporte,1621,transit_station
796,OPERATIONAL,Louis Braille - Betxí,4.0,"['transit_station', 'point_of_interest', 'establishment']",1.0,39.49567879999999,-0.39621069999999997,transporte,1613,transit_station
797,OPERATIONAL,Camp de Túria - Palau de Congressos,0.0,"['transit_station', 'point_of_interest', 'establishment']",0.0,39.4954966,-0.4009913,transporte,1804,transit_station
798,OPERATIONAL,Túria,4.0,"['subway_station', 'transit_station', 'point_of_interest', 'establishment']",49.0,39.4780484,-0.39054970000000006,transporte,0324,subway_station
799,OPERATIONAL,Marina Baixa - Hospital Arnau de Vilanova,4.5,"['transit_station', 'point_of_interest', 'establishment']",2.0,39.49009969999999,-0.4043022,transporte,0418,transit_station
801,OPERATIONAL,Florista,3.8,"['transit_station', 'point_of_interest', 'establishment']",5.0,39.495743700000006,-0.3980015,transporte,1605,transit_station
803,OPERATIONAL,EMT Ninot-Foc,0.0,"['point_of_interest', 'establishment']",0.0,39.500581700000005,-0.3932177,transporte,1623,point_of_interest
804,OPERATIONAL,Serradora - Poliesportiu,4.7,"['transit_station', 'point_of_interest', 'establishment']",3.0,39.4666773,-0.33503720000000003,transporte,1109,transit_station
805,OPERATIONAL,Serradora - Sants Just i Pastor,5.0,"['transit_station', 'point_of_interest', 'establishment']",2.0,39.46629620000001,-0.3354156,transporte,1301,transit_station
806,OPERATIONAL,Mediterránia - Vicent Brull,4.0,"['transit_station', 'point_of_interest', 'establishment']",1.0,39.467778499999994,-0.3316998,transporte,1118,transit_station
807,OPERATIONAL,Martí Grajales - Serradora,0.0,"['transit_station', 'point_of_interest', 'establishment']",0.0,39.4682548,-0.3345553,transporte,1109,transit_station
808,OPERATIONAL,Mercat el Cabanyal - Martí Grajales,5.0,"['transit_station', 'point_of_interest', 'establishment']",1.0,39.468452,-0.332412,transporte,1118,transit_station
809,OPERATIONAL,Marcos Sopena - Eugènia Viñes,3.8,"['transit_station', 'point_of_interest', 'establishment']",4.0,39.463211,-0.326074,transporte,1112,transit_station
810,OPERATIONAL,Jesús Morante Borràs (VI),5.0,"['transit_station', 'point_of_interest', 'establishment']",1.0,39.44134740000001,-0.3436739,transporte,1042,transit_station
811,OPERATIONAL,Carrera del Riu - Entrada Sanques,0.0,"['transit_station', 'point_of_interest', 'establishment']",0.0,39.43565,-0.343673,transporte,1042,transit_station
812,OPERATIONAL,Carrera del Riu - Casa Andrés,2.5,"['transit_station', 'point_of_interest', 'establishment']",2.0,39.435284,-0.343497,transporte,1042,transit_station
813,OPERATIONAL,Carrera del Riu - Entrada casa Rosquilla,0.0,"['transit_station', 'point_of_interest', 'establishment']",0.0,39.432320000000004,-0.343059,transporte,1042,transit_station
814,OPERATIONAL,Manuel Soto Enginyer - Pont de les Drassanes,0.0,"['transit_station', 'point_of_interest', 'establishment']",0.0,39.4544939,-0.3306579,transporte,1102,transit_station
815,OPERATIONAL,Parc Natzaret - Pont de les Drassanes,3.0,"['transit_station', 'point_of_interest', 'establishment']",1.0,39.4518571,-0.3320646,transporte,1145,transit_station
816,OPERATIONAL,Manuel Soto Enginyer - Comandància Marina,0.0,"['transit_station', 'point_of_interest', 'establishment']",0.0,39.455692,-0.330318,transporte,1102,transit_station
817,OPERATIONAL,Parc Natzaret - Moraira,5.0,"['transit_station', 'point_of_interest', 'establishment']",2.0,39.45042,-0.332507,transporte,1145,transit_station
818,OPERATIONAL,Catalunya - Vicent Zaragozà,0.0,"['transit_station', 'point_of_interest', 'establishment']",0.0,39.481281,-0.35246,transporte,1421,transit_station
819,OPERATIONAL,Tarongers - Junt Entrada Universitats,0.0,"['transit_station', 'point_of_interest', 'establishment']",0.0,39.480740000000004,-0.347655,transporte,1325,transit_station
820,OPERATIONAL,Tarongers - Davant Acc.Pta.Prin.Universitats,3.0,"['transit_station', 'point_of_interest', 'establishment']",1.0,39.480107200000006,-0.3472289,transporte,1325,transit_station
821,OPERATIONAL,Catalunya - Clariano,0.0,"['transit_station', 'point_of_interest', 'establishment']",0.0,39.480854,-0.35179099999999996,transporte,1325,transit_station
823,OPERATIONAL,Fausto Elio (impar) - Universitat Politècnica,0.0,"['transit_station', 'point_of_interest', 'establishment']",0.0,39.47921100000001,-0.33300409999999997,transporte,1325,transit_station
824,OPERATIONAL,Beat Juan Grande - Sant Joan de Déu,0.0,"['transit_station', 'point_of_interest', 'establishment']",0.0,39.4772465,-0.3297609,transporte,1132,transit_station
825,OPERATIONAL,Fausto Elio (par) - Universitat Politècnica,0.0,"['transit_station', 'point_of_interest', 'establishment']",0.0,39.4789916,-0.3326726,transporte,1153,transit_station
826,OPERATIONAL,Doctor Álvaro López - Vicent La Roda,5.0,"['transit_station', 'point_of_interest', 'establishment']",1.0,39.480637,-0.33107600000000004,transporte,1133,transit_station
827,OPERATIONAL,Beat Juan Grande - Vicent la Roda,0.0,"['transit_station', 'point_of_interest', 'establishment']",0.0,39.4797632,-0.3296389,transporte,1135,transit_station
828,OPERATIONAL,Camí de Montcada - Gasolinera,0.0,"['transit_station', 'point_of_interest', 'establishment']",0.0,39.5122946,-0.3864643,transporte,1702,transit_station
829,OPERATIONAL,Camí de Montcada - Alqueria Paella,4.0,"['transit_station', 'point_of_interest', 'establishment']",1.0,39.5100714,-0.3858232,transporte,1702,transit_station
830,OPERATIONAL,Camí de Montcada - Casa d'Àngel,0.0,"['transit_station', 'point_of_interest', 'establishment']",0.0,39.5068479,-0.3839692,transporte,1702,transit_station
832,OPERATIONAL,Cases de Bàrcena - Rotonda,5.0,"['transit_station', 'point_of_interest', 'establishment']",1.0,39.5228453,-0.3571156,transporte,1701,transit_station
833,OPERATIONAL,Cases de Bàrcena V,0.0,"['transit_station', 'point_of_interest', 'establishment']",0.0,39.5206136,-0.35876199999999997,transporte,1701,transit_station
834,OPERATIONAL,Cases de Bàrcena III,0.0,"['transit_station', 'point_of_interest', 'establishment']",0.0,39.52234010000001,-0.3573107,transporte,1701,transit_station
835,OPERATIONAL,Cases de Bàrcena IV,0.0,"['transit_station', 'point_of_interest', 'establishment']",0.0,39.52202219999999,-0.3577533,transporte,1701,transit_station
836,OPERATIONAL,Campanar,4.5,"['subway_station', 'transit_station', 'point_of_interest', 'establishment']",17.0,39.484131,-0.394831,transporte,0401,subway_station
837,OPERATIONAL,Cases de Bàrcena II,0.0,"['transit_station', 'point_of_interest', 'establishment']",0.0,39.52056169999999,-0.3586221000000001,transporte,1701,transit_station
840,OPERATIONAL,Guillermina Medrano (impar) - Borbotó,0.0,"['transit_station', 'point_of_interest', 'establishment']",0.0,39.514796999999994,-0.388459,transporte,1707,transit_station
841,OPERATIONAL,Ninot - Foc,4.0,"['transit_station', 'point_of_interest', 'establishment']",4.0,39.50057200000001,-0.39327,transporte,1623,transit_station
842,OPERATIONAL,Sant Josep Artesà - Luis Martí Alegre,1.0,"['transit_station', 'point_of_interest', 'establishment']",1.0,39.4983111,-0.3937998,transporte,1622,transit_station
843,OPERATIONAL,Foc - Amadeu Desfilis,3.0,"['transit_station', 'point_of_interest', 'establishment']",1.0,39.4999135,-0.3945723,transporte,1623,transit_station
845,OPERATIONAL,Camí de Montcada (impar) - Alqueria Senent,0.0,"['transit_station', 'point_of_interest', 'establishment']",0.0,39.5215867,-0.3865462,transporte,1701,transit_station
846,OPERATIONAL,Casa Silvestre,0.0,"['transit_station', 'point_of_interest', 'establishment']",0.0,39.524309499999994,-0.3861988,transporte,1701,transit_station
847,OPERATIONAL,Benifaraig a Montcada - Boquera,0.0,"['transit_station', 'point_of_interest', 'establishment']",0.0,39.52526659999999,-0.38622090000000003,transporte,1701,transit_station
848,OPERATIONAL,Ferrer i Bigné - Aiacor,0.0,"['transit_station', 'point_of_interest', 'establishment']",0.0,39.5276439,-0.38580390000000003,transporte,1701,transit_station
849,OPERATIONAL,Fires(par) - Cementeri,0.0,"['transit_station', 'point_of_interest', 'establishment']",0.0,39.5056778,-0.42430470000000003,transporte,1807,transit_station
855,OPERATIONAL,Gola de Puchol (II),5.0,"['transit_station', 'point_of_interest', 'establishment']",3.0,39.354721000000005,-0.32234,transporte,1908,transit_station
856,OPERATIONAL,Embarcador de l'Albufera (II),4.1,"['transit_station', 'point_of_interest', 'establishment']",7.0,39.3475097,-0.3227256,transporte,1908,transit_station
857,OPERATIONAL,Embarcador de l'Albufera (I),4.4,"['transit_station', 'point_of_interest', 'establishment']",14.0,39.349419,-0.32357440000000004,transporte,1909,transit_station
858,OPERATIONAL,Gola de Puchol (I),4.0,"['transit_station', 'point_of_interest', 'establishment']",2.0,39.35722579999999,-0.3209971,transporte,1908,transit_station
859,OPERATIONAL,Playa El Saler,4.5,"['transit_station', 'point_of_interest', 'establishment']",41.0,39.3804543,-0.3239882,transporte,1908,transit_station
861,OPERATIONAL,Carrera del Riu (impar) - Coll Vert,1.0,"['transit_station', 'point_of_interest', 'establishment']",1.0,39.396828799999994,-0.3324652,transporte,1907,transit_station
862,OPERATIONAL,Carrera del Riu (par) - Camping Valencia,1.0,"['transit_station', 'point_of_interest', 'establishment']",1.0,39.3880825,-0.3316812000000001,transporte,1907,transit_station
863,OPERATIONAL,Pinars (par) - El Saler,0.0,"['transit_station', 'point_of_interest', 'establishment']",0.0,39.3832088,-0.3325454,transporte,1908,transit_station
864,OPERATIONAL,el Tremolar - Barraca de Troia,0.0,"['transit_station', 'point_of_interest', 'establishment']",0.0,39.42214999999999,-0.353973,transporte,1905,transit_station
865,OPERATIONAL,el Tremolar - Cases Grill,0.0,"['transit_station', 'point_of_interest', 'establishment']",0.0,39.4231,-0.357931,transporte,1905,transit_station
866,OPERATIONAL,Pinars - Carretera del Palmar,5.0,"['transit_station', 'point_of_interest', 'establishment']",2.0,39.341396,-0.3197200000000001,transporte,1908,transit_station
867,OPERATIONAL,Carretera del Palmar - Pinars,0.0,"['transit_station', 'point_of_interest', 'establishment']",0.0,39.340604799999994,-0.31909679999999996,transporte,1908,transit_station
868,OPERATIONAL,Gavines (impar) - Camping,0.0,"['transit_station', 'point_of_interest', 'establishment']",0.0,39.3232385,-0.3094586,transporte,1908,transit_station
870,OPERATIONAL,Gavines - Entrada Paridera,0.0,"['transit_station', 'point_of_interest', 'establishment']",0.0,39.2916893,-0.285815,transporte,1916,transit_station
871,OPERATIONAL,Gavines (par) - Les Escales,0.0,"['transit_station', 'point_of_interest', 'establishment']",0.0,39.285077,-0.2820384,transporte,1916,transit_station
872,OPERATIONAL,Gavines - Entrada Ventura,0.0,"['transit_station', 'point_of_interest', 'establishment']",0.0,39.2884189,-0.2839422,transporte,1916,transit_station
873,OPERATIONAL,Vicent Baldoví - Pintor Martí Girbés,2.6,"['transit_station', 'point_of_interest', 'establishment']",5.0,39.314085999999996,-0.3175394,transporte,1909,transit_station
874,OPERATIONAL,Carretera del Palmar (impar) - Cementeri,0.0,"['transit_station', 'point_of_interest', 'establishment']",0.0,39.3214511,-0.3178361,transporte,1909,transit_station
875,OPERATIONAL,Guadalquivir - Karl Marx,0.0,"['transit_station', 'point_of_interest', 'establishment']",0.0,39.430679,-0.376892,transporte,1901,transit_station
877,OPERATIONAL,Karl Marx - Guadalquivir,0.0,"['transit_station', 'point_of_interest', 'establishment']",0.0,39.431084000000006,-0.3771,transporte,1901,transit_station
878,OPERATIONAL,Guadalquivir - Forn d'Alcedo,1.0,"['transit_station', 'point_of_interest', 'establishment']",1.0,39.432175,-0.376438,transporte,1901,transit_station
879,OPERATIONAL,Real de Madrid - Hellín,0.0,"['transit_station', 'point_of_interest', 'establishment']",0.0,39.433958600000004,-0.39112140000000006,transporte,1913,transit_station
880,OPERATIONAL,Real de Madrid - Concepción Arenal,4.0,"['transit_station', 'point_of_interest', 'establishment']",1.0,39.434937,-0.390808,transporte,1913,transit_station
881,OPERATIONAL,Real de Madrid - Carretera d'Alba,0.0,"['transit_station', 'point_of_interest', 'establishment']",0.0,39.4348175,-0.3910385,transporte,1911,transit_station
882,OPERATIONAL,Camí vell Picassent - Tanatori Municipal,0.0,"['transit_station', 'point_of_interest', 'establishment']",0.0,39.4429448,-0.39794050000000003,transporte,0939,transit_station
883,OPERATIONAL,Real de Madrid - Algar del Palància,0.0,"['transit_station', 'point_of_interest', 'establishment']",0.0,39.4332955,-0.3916116,transporte,1911,transit_station
884,OPERATIONAL,Campos Crespo - Arquitecte Segura de Lago,5.0,"['transit_station', 'point_of_interest', 'establishment']",2.0,39.4512131,-0.4026895,transporte,0835,transit_station
885,OPERATIONAL,José Andreu Alabarta - Mariano de Cavia,5.0,"['transit_station', 'point_of_interest', 'establishment']",2.0,39.452580600000005,-0.4037437,transporte,0835,transit_station
886,OPERATIONAL,Camí vell Picassent - Acc. Cementeri,0.0,"['transit_station', 'point_of_interest', 'establishment']",0.0,39.445778600000004,-0.39691609999999994,transporte,0939,transit_station
887,OPERATIONAL,José Andreu Alabarta - Professor Àngel Lacalle,0.0,"['transit_station', 'point_of_interest', 'establishment']",0.0,39.454266700000005,-0.40477140000000006,transporte,0834,transit_station
888,OPERATIONAL,Camí nou de Picanya - Arquitecte Segura de Lago,0.0,"['transit_station', 'point_of_interest', 'establishment']",0.0,39.456520000000005,-0.4038580000000001,transporte,0820,transit_station
889,OPERATIONAL,Arquitecte Segura de Lago - Prof. Àngel Lacalle,5.0,"['transit_station', 'point_of_interest', 'establishment']",1.0,39.455231,-0.404095,transporte,0820,transit_station
890,OPERATIONAL,Arquitecte Segura de Lago - Dr. Rafael Bartual,5.0,"['transit_station', 'point_of_interest', 'establishment']",1.0,39.4535227,-0.4030876,transporte,0834,transit_station
892,OPERATIONAL,Albufera - Pl. de la Sequiota,4.0,"['transit_station', 'point_of_interest', 'establishment']",2.0,39.310588200000005,-0.3176889,transporte,1909,transit_station
893,OPERATIONAL,Gavines - Entrada Filero,0.0,"['transit_station', 'point_of_interest', 'establishment']",0.0,39.301964399999996,-0.2917895,transporte,1916,transit_station
894,OPERATIONAL,Gavines - Entrada Trenca Perols,0.0,"['transit_station', 'point_of_interest', 'establishment']",0.0,39.30518319999999,-0.2946259,transporte,1916,transit_station
895,OPERATIONAL,Gavines - Sotavent,4.0,"['transit_station', 'point_of_interest', 'establishment']",1.0,39.307562299999994,-0.2974163,transporte,1916,transit_station
897,OPERATIONAL,Gavines - Entrada a la Baixada del Pantà,0.0,"['transit_station', 'point_of_interest', 'establishment']",0.0,39.2817895,-0.2801268,transporte,1916,transit_station
899,OPERATIONAL,Gavines - Front Entrada Ventura,0.0,"['transit_station', 'point_of_interest', 'establishment']",0.0,39.288383200000006,-0.2837736,transporte,1916,transit_station
901,OPERATIONAL,Carrera del Riu - Montanyars,5.0,"['transit_station', 'point_of_interest', 'establishment']",1.0,39.409791799999994,-0.33525920000000003,transporte,1907,transit_station
902,OPERATIONAL,Rotonda Carretera Montanyars - Pinedo,2.5,"['transit_station', 'point_of_interest', 'establishment']",2.0,39.41949520000001,-0.3359741,transporte,1907,transit_station
903,OPERATIONAL,Carrera del Riu (impar) - Camping Valencia,0.0,"['transit_station', 'point_of_interest', 'establishment']",0.0,39.3881583,-0.33150690000000005,transporte,1908,transit_station
904,OPERATIONAL,Carrera del Riu - Mossén Cuenca,4.0,"['transit_station', 'point_of_interest', 'establishment']",1.0,39.421677,-0.340402,transporte,1906,transit_station
905,OPERATIONAL,el Tremolar - Camí Racó,0.0,"['transit_station', 'point_of_interest', 'establishment']",0.0,39.421452,-0.345498,transporte,1905,transit_station
906,OPERATIONAL,Mare de Déu de Lepant (par) - Esc. F. Siurana,0.0,"['transit_station', 'point_of_interest', 'establishment']",0.0,39.4296473,-0.3634219,transporte,1904,transit_station
907,OPERATIONAL,Vicent Puchol - Carrera dels Bales,0.0,"['transit_station', 'point_of_interest', 'establishment']",0.0,39.428242499999996,-0.3639715,transporte,1903,transit_station
908,OPERATIONAL,Vicent Puchol - Arbres,0.0,"['transit_station', 'point_of_interest', 'establishment']",0.0,39.4278532,-0.3639151,transporte,1904,transit_station
909,OPERATIONAL,Principal - El Caroig,0.0,"['transit_station', 'point_of_interest', 'establishment']",0.0,39.4324364,-0.3627071000000001,transporte,1902,transit_station
910,OPERATIONAL,Mossén Miguel Tarin (impar) - Carretera de Paterna,0.0,"['transit_station', 'point_of_interest', 'establishment']",0.0,39.4971353,-0.4160532,transporte,1804,transit_station
911,OPERATIONAL,Mossén Miguel Tarin (par) - Carretera de Paterna,5.0,"['transit_station', 'point_of_interest', 'establishment']",1.0,39.4976401,-0.4162416,transporte,1804,transit_station
912,OPERATIONAL,Mossén Miguel Tarin (par) - Miquel Agraït,0.0,"['transit_station', 'point_of_interest', 'establishment']",0.0,39.498512,-0.4164,transporte,1804,transit_station
913,OPERATIONAL,Camí Nou de Paterna - Aldaia,4.0,"['transit_station', 'point_of_interest', 'establishment']",2.0,39.496779,-0.41786899999999993,transporte,1804,transit_station
915,OPERATIONAL,Fires - Senda del Polvorí,0.0,"['transit_station', 'point_of_interest', 'establishment']",0.0,39.503160799999996,-0.4263946,transporte,1807,transit_station
916,OPERATIONAL,Fires - Fira de Mostres,3.7,"['transit_station', 'point_of_interest', 'establishment']",3.0,39.5036795,-0.42628359999999993,transporte,1807,transit_station
923,OPERATIONAL,Polvorí - Campament,0.0,"['transit_station', 'point_of_interest', 'establishment']",0.0,39.5006583,-0.4251264,transporte,1807,transit_station
924,OPERATIONAL,Polvorí - Sinarques,5.0,"['transit_station', 'point_of_interest', 'establishment']",1.0,39.500991799999994,-0.42522659999999995,transporte,1807,transit_station
925,OPERATIONAL,Polvorí - Cullera,0.0,"['transit_station', 'point_of_interest', 'establishment']",0.0,39.502306700000005,-0.4263941,transporte,1807,transit_station
926,OPERATIONAL,Polvorí - Velòdrom Lluis Puig,0.0,"['transit_station', 'point_of_interest', 'establishment']",0.0,39.5016888,-0.42627259999999995,transporte,1807,transit_station
927,OPERATIONAL,Campament - Canonge Fenollera,5.0,"['transit_station', 'point_of_interest', 'establishment']",1.0,39.5006941,-0.42450190000000004,transporte,1808,transit_station
